Channels,UpNode,DownNode,OceanOrient,BendFlag,EffLength,RadCurv,Curvature,BendDir
1,1,2,1,1,14382.51076,4795.155083,2.999383859,1
2,2,3,1,1,8128.336255,1749.0175,4.647372743,-1
3,3,4,1,1,10431.29791,3099.165037,3.365841376,1
4,4,5,1,1,13045.29601,5787.637265,2.253993368,-1
5,5,6,1,1,6794.792466,12488.84326,0.544069,-1
6,6,7,1,1,5897.757633,5399.119868,1.092355379,1
7,7,8,1,1,9976.646643,3195.342725,3.122246188,-1
8,8,9,1,1,5101.049536,7107.225224,0.717727295,-1
9,9,10,1,1,11053.04231,3990.414082,2.769898584,-1
10,10,11,1,1,7151.278956,7776.622677,0.919586722,1
11,11,12,1,1,10014.34238,6560.801878,1.526390001,1
12,12,13,1,1,12868.89994,34171.02189,0.376602724,1
13,13,14,1,1,3970.309685,27581.27298,0.143949472,1
14,14,15,1,1,2067.275407,2111.645712,0.978987808,-1
15,15,16,1,1,5486.478968,15655.77942,0.35044432,-1
16,16,17,1,1,4758.884009,7939.162779,0.599418873,-1
17,393,1,1,1,6238.43763,8638.022223,0.722206712,-1
18,17,18,1,0,3765,0,0,0
19,18,19,1,0,3666,0,0,0
20,19,20,1,1,4872.160766,143352.4124,0.033987295,1
21,20,21,1,0,5947,0,0,0
22,21,22,1,1,6894.655056,10357.97584,0.665637298,-1
23,22,23,1,0,3425,0,0,0
24,23,24,1,1,6497.656822,6570.367586,0.988933532,-1
25,24,25,1,1,4387.784231,8441.58692,0.519781917,1
26,25,26,1,1,4474.860932,11318.28195,0.395365741,-1
27,27,25,-1,0,4700,0,0,0
28,26,28,1,1,4730.097818,4563.42411,1.036523826,1
29,28,27,-1,1,3751.910665,4755.268641,0.78900078,-1
30,25,28,1,0,7358,0,0,0
31,28,29,1,1,6348.233324,216065.429,0.029381069,-1
32,29,30,1,1,6001.505928,3838.512196,1.563497944,1
33,30,31,1,1,3225.793384,1559.717225,2.068191165,1
34,29,31,1,0,5988,0,0,0
35,30,32,1,1,9900.941507,4201.999678,2.356245184,1
36,31,32,1,1,6466.86459,4107.609422,1.574362099,1
37,32,33,1,1,5681.968205,7051.700224,0.805758615,1
38,33,34,1,0,4791,0,0,0
39,34,35,1,1,5053.973583,3884.857578,1.300941793,-1
40,35,36,1,0,5753,0,0,0
41,34,36,1,0,6359,0,0,0
42,36,37,1,1,7401.030275,3293.404927,2.247227547,-1
43,37,38,1,1,2681.505444,2021.535326,1.326469743,1
44,38,39,1,1,4945.910531,28681.85154,0.17244042,-1
45,39,40,1,1,11901.12444,17053.76513,0.697859056,-1
46,40,41,1,1,10474.98686,24710.60364,0.423906555,1
47,41,42,1,1,14965.08069,5174.836622,2.891894332,-1
48,42,43,1,1,7897.998296,6404.571291,1.233181416,1
49,387,44,1,1,12364.2805,21520.30726,0.574540147,-1
50,44,380,1,1,9131.761782,11325.04444,0.806333417,1
51,380,45,1,1,13523.37992,10469.16029,1.291734919,1
52,45,46,1,1,7785.935308,64542.53524,0.120632623,-1
53,46,383,1,0,11276,0,0,0
54,8,47,1,1,1440.634347,1855.231381,0.77652543,-1
55,47,48,1,1,5752.616849,2927.077401,1.965310807,-1
56,48,49,1,1,4123.453543,1462.678432,2.819111469,-1
57,49,50,1,0,4378,0,0,0
58,50,51,1,1,4977.092738,22311.48117,0.223073166,1
59,51,52,1,1,2655.895395,3307.796226,0.802919894,-1
60,52,53,1,1,3933.052244,2398.469501,1.639817493,1
61,53,54,1,1,5230.839251,7047.149424,0.742263139,1
62,54,55,1,1,3792.234551,6282.38929,0.603629348,-1
63,55,56,1,1,2287.928295,2397.656846,0.95423509,-1
64,159,55,1,1,3011.402457,4521.977863,0.665948076,-1
65,159,56,1,1,1510.02158,1010.708402,1.494022981,-1
66,56,57,1,0,2887,0,0,0
67,57,58,1,1,4798.186746,2251.141451,2.131446136,1
68,56,58,1,1,7538.977769,7117.872374,1.059161695,1
69,58,59,1,1,5347.335777,2618.217886,2.042357057,-1
70,59,60,1,1,5943.211719,14489.66379,0.410169056,1
71,60,61,1,1,3257.177188,139263.0967,0.02338866,1
72,61,62,1,1,4023.840591,4819.213975,0.834957861,1
73,62,63,1,1,2625.115325,2407.669431,1.090313849,1
74,63,64,1,1,2948.021785,1321.96362,2.230032462,-1
75,64,65,1,1,6209.639289,3929.327458,1.58033133,-1
76,65,66,1,1,5023.275797,13379.67059,0.375440917,-1
77,66,67,1,1,4727.220456,7623.710047,0.620068238,-1
78,67,68,1,1,3304.408406,4883.536349,0.676642533,-1
79,68,69,1,1,3475.447214,11930.56705,0.291306121,-1
80,69,70,1,1,2658.733323,1527.336521,1.740764583,-1
81,70,71,1,1,2541.905469,3151.082783,0.80667683,-1
82,43,387,1,1,6261.914392,17021.13325,0.367890569,-1
83,72,73,1,0,2461.766404,0,0,0
84,73,74,1,1,4261.422305,12345.64204,0.34517624,-1
85,74,76,1,1,4083.66343,31519.94371,0.129558081,1
86,76,77,1,1,2285.893192,12633.93284,0.180932828,-1
87,77,78,1,1,6832.292691,5372.909663,1.271618754,-1
88,78,79,1,1,2663.058327,8781.974175,0.303241421,-1
89,79,80,1,1,4219.409021,2345.037227,1.79929298,-1
90,80,81,1,1,4496.949591,129574.678,0.034705466,-1
91,81,82,1,1,6604.961219,1852.629653,3.565181637,-1
92,82,83,1,1,2656.120734,2106.827692,1.26072044,-1
93,83,84,1,1,2760.354309,1500.756309,1.839308815,1
94,84,85,1,1,5028.290665,9677.906034,0.519563906,1
95,85,86,1,0,3950,0,0,0
96,86,87,1,1,2299.988299,1701.352754,1.351858569,1
97,87,88,1,1,3269.302267,4716.913793,0.693101975,1
98,88,89,1,1,3656.722521,19127.44763,0.191176711,1
99,89,90,1,1,2787.393459,1868.005361,1.49217637,-1
100,90,91,1,1,4169.0144,3362.187365,1.239970872,1
101,90,91,1,1,6491.806375,1157.913236,5.606470481,-1
102,91,92,1,1,5885.902614,7713.022741,0.763112312,-1
103,93,92,-1,1,4047.373024,2113.667285,1.914858149,1
104,92,94,1,1,3372.096357,11696.05796,0.288310503,-1
105,93,94,1,1,3946.32843,2693.077853,1.465359951,1
106,94,97,1,1,8817.648712,33730.98328,0.26141096,1
107,95,94,-1,1,10541.01477,4102.679644,2.56929999,-1
108,95,96,1,1,10477.34924,17075.21454,0.613599859,1
109,96,97,-1,1,4704.495488,2351.643511,2.000513881,-1
110,97,212,1,1,6004.550293,6939.187984,0.865310222,1
111,212,98,1,1,4670.530874,14229.46841,0.32822947,-1
112,96,98,1,1,6879.723546,10061.65157,0.683756886,1
113,98,37,1,1,6753.433265,4362.110841,1.54820304,1
114,51,99,1,1,4019.131581,8940.768158,0.449528666,1
115,99,100,1,1,3336.141759,3099.268886,1.076428629,1
116,100,101,1,1,8806.58939,20635.67191,0.426765333,-1
117,101,102,1,1,6643.652748,6441.260124,1.031421278,-1
118,102,103,1,1,5841.063706,4400.217994,1.327448711,-1
119,103,104,1,1,5418.297894,2931.198239,1.848492477,1
120,104,105,1,1,5813.381719,1410120.136,0.004122614,-1
121,105,106,1,1,5730.227951,23045.31798,0.248650418,-1
122,106,107,1,1,4640.85269,16822.40075,0.275873388,1
123,107,108,1,1,6754.521814,24808.57036,0.272265661,1
124,108,109,1,1,6005.913065,5573.357043,1.077611396,-1
125,109,110,1,1,4093.294567,8242.228507,0.496624737,1
126,110,111,1,1,3089.237165,2217.747041,1.392961915,1
127,111,112,1,1,5099.233064,2304.764808,2.212474369,1
128,112,113,1,1,2659.687612,978.2132411,2.718924157,-1
129,113,115,1,1,4974.852322,6529.403012,0.761915341,1
130,113,114,1,1,3470.08714,1469.948372,2.360686407,1
131,114,115,1,1,5819.921273,3034.016264,1.918223492,1
132,115,116,1,1,3264.60814,3652.082524,0.893903169,1
133,116,117,1,1,2648.938653,3305.363184,0.801406231,-1
134,118,116,-1,1,4106.721097,2833.617389,1.449285677,-1
135,117,118,1,1,3331.317526,1902.233921,1.751265967,1
136,118,119,1,1,3241.261562,4623.008434,0.701115217,-1
137,117,119,1,1,3992.94853,12238.20917,0.326269022,1
138,119,120,1,1,5369.843907,26073.37937,0.205951205,1
139,120,121,1,1,3396.243968,12744.62652,0.266484386,1
140,121,122,1,1,3437.473765,3024.384351,1.136586282,-1
141,122,123,1,1,2572.501796,6801.973976,0.3781993,-1
142,123,124,1,1,2531.805254,18932.43921,0.133728424,-1
143,124,125,1,1,2898.21226,2865.161126,1.011535524,1
144,125,126,1,1,3318.073982,82092.80324,0.040418573,1
145,125,127,1,1,4575.954841,15084.13734,0.303362051,-1
146,126,127,1,1,3107.895328,2032.387462,1.529184462,-1
147,126,127,1,1,3098.48467,1605.813939,1.929541521,1
148,127,128,1,1,4099.694913,9563.845138,0.428665966,1
149,128,30,1,1,7675.013842,8299.615021,0.924743355,1
150,128,129,1,1,8726.90735,20974.31536,0.41607591,1
151,129,33,1,1,4510.585469,9155.921425,0.492641348,-1
152,129,34,1,1,5874.344288,2721.591407,2.158422558,1
153,139,130,1,1,6142.995149,6092.291959,1.008322515,1
154,130,131,1,1,1960.491498,1351.628984,1.450465713,-1
155,131,132,1,1,2178.826087,3392.643508,0.642220758,-1
156,132,125,1,1,3395.778256,1425.89684,2.381503459,-1
157,131,125,1,1,3795.811897,52705.69973,0.072019002,-1
158,16,133,1,1,5916.613758,14406.75272,0.41068337,1
159,133,134,1,1,7424.673309,4737.22755,1.567303498,1
160,134,20,1,1,4349.029461,9247.855222,0.470274389,-1
161,135,25,1,1,6081.76788,9627.646081,0.631698323,-1
162,136,135,1,1,3766.651652,7670.641973,0.491047772,-1
163,137,136,1,1,5797.256189,17629.34664,0.328841239,-1
164,138,137,-1,0,4956,0,0,0
165,139,138,-1,0,4247,0,0,0
166,140,139,1,0,4363,0,0,0
167,119,140,1,1,6803.911268,3352.362758,2.02958682,1
168,120,140,1,1,4456.345774,9120.08082,0.488630075,1
169,394,141,1,1,7532.015576,95761.23617,0.078654118,-1
170,141,142,1,1,6363.670633,8559.222095,0.743487032,-1
171,142,137,1,1,4029.075737,5830.565254,0.691026609,1
172,143,57,1,1,3389.357169,10106.94283,0.335349396,-1
173,395,143,1,1,6919.056115,63356.37661,0.10920852,-1
174,396,144,1,0,4600,0,0,0
175,144,145,1,1,3307.407335,2388.147357,1.384925987,1
176,145,146,1,1,2450.617084,957.5184983,2.559341766,1
177,146,147,1,1,1486.740989,1561.95222,0.951847931,1
178,147,148,1,1,4084.038352,2098.598787,1.946078677,1
179,148,149,1,0,2315,0,0,0
180,149,150,1,1,4970.670114,1974.500402,2.517431806,-1
181,150,151,1,1,3468.36138,828.7372454,4.185115849,1
182,151,152,1,1,5405.292745,1034.99985,5.222505824,1
183,152,143,1,1,5602.536859,47595.6177,0.117711191,1
184,5,153,1,1,2561.382287,6601.194585,0.388017995,1
185,153,154,1,1,5034.832359,9455.597493,0.532471096,-1
186,154,155,1,1,7221.014225,15338.4944,0.470777251,-1
187,155,156,1,1,9004.161912,8007.686454,1.12443987,1
188,156,53,1,1,6848.248996,47562.8056,0.143983285,1
189,397,157,1,0,7630,0,0,0
190,157,158,1,1,10526.89659,99767.49706,0.10551429,1
191,158,159,1,1,7285.143308,6285.626203,1.159016313,1
192,398,160,1,0,7297,0,0,0
193,55,160,1,1,4622.520226,15457.5196,0.2990467,1
194,160,161,1,0,5533,0,0,0
195,161,162,1,0,2534,0,0,0
196,162,163,1,0,4235,0,0,0
197,163,164,1,0,3553,0,0,0
198,164,165,1,0,3636,0,0,0
199,165,166,1,0,4032,0,0,0
200,166,167,1,0,6906,0,0,0
201,167,70,1,1,2751.763856,2141.315715,1.285080867,1
202,168,69,1,1,5190.269427,9389.842562,0.552753616,-1
203,206,75,1,1,12239.45151,57064.55042,0.214484324,-1
204,399,168,1,1,7575.563905,15073.55161,0.502573255,1
205,71,169,1,0,4240,0,0,0
206,169,170,1,1,6158.368607,3261.304197,1.888314685,-1
207,170,171,1,1,2213.884074,2832.030683,0.781730257,-1
208,171,172,1,1,1896.876071,1049.89671,1.80672637,1
209,170,172,1,1,2406.49658,7199.293194,0.33426845,1
210,172,173,1,1,2791.738747,8886.090044,0.314169532,1
211,173,174,1,1,2655.664122,2021.298676,1.313840529,1
212,172,174,1,1,3160.356969,7076.170507,0.446619675,1
213,174,179,1,1,2266.868861,10436.11634,0.217213836,1
214,108,175,1,0,4153,0,0,0
215,175,176,1,0,4789,0,0,0
216,176,177,1,0,3218,0,0,0
217,177,178,1,0,3048,0,0,0
218,178,179,1,0,5712,0,0,0
219,179,74,1,1,4052.84201,6109.096482,0.663411033,1
220,71,72,1,0,3088,0,0,0
221,112,180,1,0,4028,0,0,0
222,180,181,1,0,4922,0,0,0
223,181,81,1,0,3920,0,0,0
224,81,182,1,1,4786.668014,9140.951855,0.523650938,1
225,182,183,1,1,3306.319786,2747.617123,1.2033408,1
226,183,184,1,1,1633.779525,2217.253136,0.736848445,-1
227,184,185,1,0,3820,0,0,0
228,185,186,1,1,8254.967598,166129.9283,0.049689828,1
229,186,187,1,1,5453.294829,11057.23267,0.493188033,-1
230,187,188,1,1,3835.908753,1948.790772,1.968353303,-1
231,188,189,1,1,4920.25793,2087.152193,2.357402563,-1
232,189,90,-1,1,5389.165954,7595.271799,0.709542212,-1
233,190,189,-1,1,4947.28526,2327.107023,2.125938004,1
234,191,190,-1,0,4948,0,0,0
235,400,191,1,0,5009,0,0,0
236,124,192,1,1,5749.786776,9753.741203,0.589495523,-1
237,192,193,1,0,6333,0,0,0
238,193,93,1,1,4929.366805,8997.722311,0.54784607,1
239,193,95,1,1,2815.318122,14123.69309,0.199333001,1
240,401,194,1,0,4298,0,0,0
241,194,195,1,1,3241.537454,16870.3988,0.192143499,-1
242,195,196,1,1,6209.701154,7638.426897,0.8129555,-1
243,196,74,1,1,4763.102495,3712.451783,1.283007234,-1
244,196,76,1,1,2577.233963,2731.724709,0.943445712,-1
245,116,197,1,0,4295,0,0,0
246,197,84,1,0,3086,0,0,0
247,75,44,1,1,7910.635771,5097.708054,1.551802435,1
248,191,198,1,1,6973.573919,176714.9558,0.039462274,1
249,198,200,1,1,5970.403608,12841.51052,0.46493001,1
250,198,201,1,1,5679.035325,11311.16389,0.502073472,-1
251,97,199,1,0,9400,0,0,0
252,199,200,1,1,4006.608088,20045.86735,0.199872024,1
253,200,201,1,1,4809.991001,2233.906245,2.153174965,1
254,200,201,1,1,4054.05339,5212.538992,0.777750228,-1
255,199,202,1,1,7007.638167,19973.87831,0.350840135,-1
256,202,203,1,1,10865.6909,4405.674508,2.466294521,-1
257,203,209,1,1,5878.246924,1511.334719,3.889440804,1
258,205,204,1,1,13197.45772,34421.45185,0.383407934,1
259,204,203,1,1,8874.496592,30683.23888,0.289229459,1
260,201,205,1,1,4799.893114,9958.043018,0.482011687,-1
261,205,206,1,1,8957.222435,19934.44241,0.449333984,-1
262,206,44,1,1,14730.48958,15734.60154,0.936184469,-1
263,98,207,1,1,6594.804889,3840.341262,1.717244494,-1
264,207,208,1,1,8382.91252,3515.260216,2.384720335,-1
265,208,209,1,1,5313.682239,6953.946396,0.764124705,-1
266,209,43,1,0,8937,0,0,0
267,41,209,1,1,11397.11426,14910.58214,0.764364138,-1
268,318,378,-1,1,7801.198849,3497.865301,2.230274232,1
269,378,379,-1,0,3300,0,0,0
270,379,380,-1,1,7154.231265,72092.89227,0.099236291,-1
271,380,386,1,1,6207.832953,5969.183757,1.039980206,-1
272,381,46,-1,0,4500,0,0,0
273,319,381,-1,1,9709.313778,26032.81447,0.372964429,1
274,46,382,1,1,5522.7552,6655.118809,0.82985073,1
275,382,320,1,1,14274.51309,11995.0091,1.190037704,1
276,382,385,1,1,9273.651295,5908.427463,1.569563366,-1
277,383,384,1,1,3824.688373,4520.746463,0.846030275,1
278,384,320,1,0,4657,0,0,0
279,385,383,1,1,6096.528684,1918.956523,3.177001986,-1
280,384,385,-1,0,2758,0,0,0
281,385,320,1,1,9467.925763,14787.6687,0.640258174,1
282,389,381,1,0,2300,0,0,0
283,388,389,1,1,7079.274782,69394.96809,0.102014238,-1
284,378,388,1,0,5030,0,0,0
285,379,386,-1,0,5322,0,0,0
286,386,45,1,0,4759,0,0,0
287,388,389,1,1,8551.480474,4118.207616,2.076505429,1
288,214,40,-1,1,7949.927176,3486.622456,2.280122748,1
289,215,214,-1,1,15527.69036,48289.60959,0.321553446,1
290,215,316,1,1,8610.214264,4149.759718,2.074870559,1
291,42,215,1,1,20053.99357,6386.644962,3.139988787,1
292,216,217,1,1,15648.49834,39498.66591,0.396177895,-1
293,216,23,1,1,10888.73277,11635.30128,0.935835911,-1
294,217,218,1,1,13184.80235,6490.183627,2.031499124,1
295,218,219,1,1,6366.776264,46929.36319,0.135667221,1
296,219,29,-1,1,5916.540311,6890.847557,0.858608504,1
297,219,31,1,1,4381.10701,3307.848077,1.324458351,1
298,221,217,1,1,14465.43094,10716.91036,1.349776237,-1
299,222,218,1,0,5030,0,0,0
300,220,32,1,1,6547.268599,12196.82314,0.536801143,1
301,221,222,1,1,14824.02937,10330.05521,1.435038735,-1
302,223,222,-1,1,6791.85785,6612.316139,1.027152621,-1
303,225,223,-1,1,6441.270067,3356.608227,1.918981791,1
304,243,224,1,1,6483.352975,1923.610723,3.370408003,-1
305,224,225,1,1,4970.815029,2052.368303,2.421989767,-1
306,225,220,1,1,8661.354528,5105.079042,1.696615166,-1
307,220,226,1,0,8225,0,0,0
308,226,227,1,1,9434.841381,3576.828114,2.63776762,-1
309,227,38,1,1,7499.260387,71898.48429,0.104303456,1
310,228,229,1,1,5176.941123,8620.125194,0.600564494,1
311,229,230,1,1,3361.616011,13136.49459,0.255899014,1
312,230,231,1,0,2145,0,0,0
313,231,251,1,1,6334.481016,2464.612104,2.570173621,-1
314,231,235,1,1,4227.768941,10059.45255,0.420278233,-1
315,232,233,1,1,10589.14408,44504.16221,0.237936039,-1
316,233,234,1,1,13921.01853,4972.426828,2.799642711,-1
317,234,235,1,1,6515.537874,4942.881607,1.318165878,-1
318,235,236,1,1,5894.303668,2406.022944,2.449811911,-1
319,236,237,1,1,8694.897611,3778.966235,2.300866711,1
320,237,238,1,1,6231.423962,46087.38648,0.135208881,-1
321,238,239,1,1,6721.754448,3968.955301,1.693582804,-1
322,239,240,1,1,4995.890822,3799.103277,1.315018429,-1
323,240,241,1,1,6076.757218,1612.851779,3.767709654,-1
324,241,242,1,1,3267.012181,7373.971415,0.443046494,1
325,242,243,1,1,6567.378042,4621.932826,1.420915944,1
326,243,244,1,1,6201.772234,6441.096858,0.96284412,1
327,244,245,1,0,8189,0,0,0
328,245,246,1,1,7153.003146,12127.13594,0.589834498,-1
329,246,247,1,1,8163.388219,6759.271117,1.207732029,-1
330,247,39,1,1,11490.95831,3623.914508,3.170869038,1
331,403,248,1,0,5905,0,0,0
332,248,237,1,1,7656.7134,3482.43063,2.198669324,1
333,404,249,1,1,6316.513864,17521.64998,0.360497663,1
334,249,239,1,0,8793,0,0,0
335,405,250,1,1,9247.561726,7200.36543,1.284318389,1
336,250,241,1,0,13656,0,0,0
337,235,251,1,1,4266.817733,3598.572819,1.185697205,-1
338,251,252,1,1,4618.837235,9793.147268,0.47163972,-1
339,252,253,1,1,4253.933929,36213.39059,0.117468535,-1
340,253,254,1,1,4614.116153,2374.355312,1.943313256,-1
341,254,255,1,1,5692.531922,13774.13279,0.413276974,1
342,255,256,1,1,6537.717471,3287.326817,1.988764074,1
343,256,257,1,1,4912.494897,19121.78949,0.256905605,-1
344,257,258,1,1,4647.950361,4573.660499,1.016242977,1
345,258,246,1,1,6124.790352,3568.168255,1.716508279,1
346,307,230,1,1,4645.55412,8131.181774,0.571325823,1
347,308,259,1,1,5247.176633,4520.240577,1.160818001,1
348,259,260,1,1,4601.573502,6402.675726,0.718695386,-1
349,260,261,1,1,5285.198672,3625.723856,1.457694761,-1
350,261,262,1,1,4501.278082,4099.947298,1.097886815,-1
351,262,263,1,1,12013.49735,15412.0129,0.779489183,1
352,263,264,1,1,5375.362252,17475.7356,0.307590042,-1
353,264,265,1,1,6724.098751,4951.423461,1.358013267,-1
354,265,266,1,1,6596.939271,1756.323754,3.756106615,-1
355,266,246,1,1,12372.02567,5386.132243,2.297014836,-1
356,406,267,1,1,10030.80681,3590.348903,2.793825079,-1
357,267,268,1,1,10935.78645,18454.03267,0.592596028,1
358,268,269,1,1,7477.036134,19547.52575,0.382505501,1
359,269,270,1,1,9054.320649,19751.08466,0.458421439,-1
360,304,270,1,1,3146.70069,21353.57321,0.147361786,-1
361,270,271,1,1,8722.837665,5727.458713,1.522985691,1
362,271,272,1,1,8463.922901,6362.504322,1.330281674,-1
363,272,274,1,1,11598.71778,28416.14147,0.408173566,-1
364,305,273,1,1,12032.87496,30375.39289,0.396138908,-1
365,273,274,1,1,9184.72794,4929.085636,1.863373578,1
366,274,275,1,1,8626.657486,9716.367426,0.88784801,-1
367,275,276,1,1,15738.45415,12526.71307,1.256391366,1
368,276,314,1,0,11358,0,0,0
369,272,277,1,1,11873.09186,12280.56448,0.966819716,-1
370,277,278,1,1,6487.748705,3197.824083,2.028801002,1
371,278,285,1,1,17317.60621,45455.19336,0.380981906,1
372,407,279,1,1,20382.15965,10224.95237,1.993374532,-1
373,279,280,1,0,23897,0,0,0
374,280,281,1,0,15515,0,0,0
375,281,282,1,0,21261,0,0,0
376,282,283,1,0,16091,0,0,0
377,283,284,1,0,24303,0,0,0
378,284,285,1,0,14831,0,0,0
379,285,314,1,1,21194.44205,15743.53264,1.346231658,1
380,408,286,1,1,17857.96294,220663.0394,0.080928655,-1
381,286,289,1,1,19184.13923,24721.80481,0.776000756,1
382,409,287,1,1,26073.56189,45692.41492,0.57063217,-1
383,410,287,1,1,15630.71968,30586.47224,0.511033752,1
384,287,288,1,1,5294.583279,14529.50222,0.364402249,1
385,288,289,1,1,2277.138187,4879.477725,0.466676623,-1
386,289,285,1,1,3617.883097,3666.634041,0.98670417,-1
387,402,290,1,1,15359.16868,49700.95206,0.309031679,1
388,290,291,1,1,9574.538012,54569.54035,0.17545572,-1
389,291,292,1,1,5525.739472,21919.09577,0.252097054,-1
390,292,288,1,1,11127.78781,72493.56414,0.153500355,-1
391,295,296,1,1,13522.89383,8911.150922,1.517524946,1
392,296,297,1,1,15354.98266,8724.200009,1.760044777,1
393,297,298,1,1,13674.79589,7537.273184,1.814289538,-1
394,298,299,1,1,14725.50837,8997.19553,1.636677598,-1
395,299,300,1,1,17662.01314,7723.355827,2.286831468,1
396,300,301,1,1,10717.66105,4163.833247,2.573989017,-1
397,301,302,1,1,15483.40052,11496.29709,1.346816319,1
398,302,303,1,1,11889.28234,10582.2277,1.123514129,1
399,303,304,1,1,15115.56916,12295.29007,1.229378817,-1
400,304,305,1,1,8542.019212,8101.765505,1.054340465,-1
401,305,306,1,1,14629.11033,40440.50884,0.361743973,-1
402,306,307,1,1,13266.42187,14674.97208,0.904016838,1
403,307,308,1,0,5317,0,0,0
404,308,309,1,1,11998.72101,35237.79434,0.340507153,-1
405,309,310,1,1,13460.35308,22960.2174,0.586246761,1
406,310,311,1,1,8221.262281,7169.428469,1.146710971,1
407,311,312,1,1,11306.36883,11958.05196,0.945502567,1
408,312,313,1,1,9440.73898,8885.118872,1.062533784,1
409,313,314,1,0,8661,0,0,0
410,314,315,1,1,15070.42234,24177.03077,0.62333636,-1
411,315,316,1,1,12264.32634,17432.43269,0.703534989,1
412,316,317,1,1,18101.63553,5713.49168,3.168226461,1
413,316,317,1,0,12134,0,0,0
414,317,318,1,1,20944.40229,62328.86793,0.336030526,1
415,318,319,1,1,11180.57842,39765.12996,0.281165394,-1
416,319,383,1,0,7094,0,0,0
417,320,321,1,1,16526.87681,13259.67945,1.246400931,1
418,325,322,1,1,15214.86547,15503.61046,0.981375629,-1
419,322,323,1,1,9543.580099,4689.436912,2.035122826,-1
420,323,324,1,1,18084.95129,38987.09101,0.463870241,-1
421,324,412,1,1,6729.94245,14646.54628,0.459490061,1
422,320,293,1,1,12429.57399,44925.26054,0.276672274,1
423,321,325,1,1,12968.15757,12967.01805,1.000087878,1
424,210,294,1,0,12631,0,0,0
425,294,329,1,1,10032.81043,8974.758819,1.117891927,-1
426,213,326,1,1,13556.82085,17201.21897,0.788131404,-1
427,326,328,1,0,8200,0,0,0
428,327,328,1,0,7000,0,0,0
429,213,210,-1,1,9280.852341,4885.389322,1.899716016,1
430,328,330,1,1,9931.76365,15959.28966,0.622318653,1
431,322,323,1,1,8193.79804,6602.251191,1.241061239,1
432,329,330,1,0,14428,0,0,0
433,330,324,1,1,23275.30372,29958.79433,0.776910561,-1
434,414,331,1,1,5659.869281,6517.54595,0.868404968,1
435,331,340,1,1,3502.121503,50582.64363,0.069235636,1
436,420,347,1,0,15600,0,0,0
437,413,332,1,0,8189,0,0,0
438,332,333,1,1,4586.202774,1766.252231,2.596572955,-1
439,333,334,1,1,6849.528438,2572.887351,2.662195232,-1
440,334,335,1,1,9248.264491,2621.298129,3.528123867,-1
441,335,336,1,1,7332.566286,1977.504594,3.707989508,-1
442,336,337,1,1,6178.289156,4467.397414,1.38297281,-1
443,372,338,1,1,9474.391728,3375.066583,2.807171798,1
444,338,339,1,1,7199.385135,3486.012123,2.065220912,-1
445,339,327,1,1,5666.056142,3973.365465,1.426009309,-1
446,340,341,1,1,7994.968892,2715.947479,2.943712628,-1
447,341,342,1,1,10047.23478,6354.214286,1.581192313,-1
448,342,343,1,1,7891.620957,1686.237816,4.680016593,-1
449,370,338,1,1,9162.901249,2469.418983,3.710549449,-1
450,369,338,-1,1,6188.853782,5492.088235,1.126867144,-1
451,345,344,-1,1,6815.730405,4171.248293,1.63397859,-1
452,330,345,1,1,11274.03289,5215.24629,2.161745057,-1
453,343,370,1,0,4692,0,0,0
454,416,346,1,1,4421.621941,5723.176943,0.77258173,1
455,347,348,1,1,4649.846164,7817.101404,0.594829966,1
456,348,346,1,1,3643.564245,4360.800869,0.835526399,-1
457,346,336,1,1,4066.255568,2996.148773,1.357160767,1
458,348,349,1,1,7918.488755,26020.38127,0.304318706,-1
459,349,343,1,1,4114.183771,1860.772139,2.211008906,1
460,342,349,1,0,2078,0,0,0
461,417,332,1,1,9168.660517,2525.657077,3.630207997,1
462,353,333,1,1,5931.888964,3201.265705,1.852982386,1
463,419,334,1,1,5868.121702,3006.849157,1.951584997,-1
464,350,332,1,1,5688.901026,3543.638519,1.605384126,1
465,418,353,1,1,5961.291332,3190.294049,1.868571123,-1
466,421,351,1,1,4622.267107,3247.189962,1.423466801,-1
467,334,351,1,1,2857.122939,1176.594892,2.428297929,1
468,351,352,1,1,6678.162826,26359.41513,0.25335019,1
469,352,363,1,1,9475.846114,2932.009597,3.231860539,1
470,422,356,1,1,6479.107045,6630.816108,0.977120605,-1
471,356,355,1,1,10518.38748,3173.758236,3.314174143,-1
472,355,361,1,1,6150.384731,23407.22723,0.262755801,-1
473,344,371,-1,0,3011,0,0,0
474,371,369,-1,1,2964.635295,2010.677968,1.474445606,1
475,424,356,1,1,14370.18396,36981.5119,0.388577514,-1
476,356,357,1,1,7235.289797,4079.006263,1.773787371,1
477,357,355,1,0,3226,0,0,0
478,425,355,1,1,5286.056067,2563.277309,2.062225593,-1
479,423,354,1,1,2877.735153,2419.263935,1.189508557,1
480,354,350,1,1,7155.011392,2533.515337,2.824143706,1
481,426,361,1,1,7424.631851,3467.743605,2.141055596,1
482,383,358,1,1,8378.238672,21110.2342,0.396880423,-1
483,358,359,1,1,8793.200844,4965.150501,1.770983748,-1
484,359,360,1,1,18234.36162,8056.897912,2.263198792,-1
485,360,361,1,1,12617.63648,40045.41726,0.315083157,-1
486,361,362,1,1,8424.415956,5086.604356,1.656196426,-1
487,362,363,1,1,10712.64045,3852.107313,2.780981831,-1
488,363,364,1,1,20772.48951,69902.46727,0.297163896,-1
489,364,327,1,1,10812.10043,8169.532253,1.323466277,-1
490,411,363,1,1,4392.049141,5529.686884,0.79426724,-1
491,337,364,1,0,2107,0,0,0
492,365,359,1,1,6366.247664,2736.504433,2.326415988,-1
493,366,365,1,1,6103.452571,5283.23205,1.155249762,1
494,367,366,1,1,10044.77224,12266.02284,0.818910283,-1
495,427,367,1,1,11711.71827,7202.527498,1.626056725,1
496,344,368,-1,0,3500,0,0,0
497,368,339,-1,0,5500,0,0,0
498,368,328,1,1,8766.898045,26284.1039,0.33354373,1
499,337,372,1,1,3947.871913,6390.695345,0.617753108,1
500,415,372,1,1,4121.041588,5946.177051,0.69305733,1
501,428,232,1,1,10727.01695,57530.5311,0.186457812,-1
502,429,232,1,1,5268.736597,3268.87687,1.611788026,-1
503,430,373,1,1,8518.7748,4386.553484,1.942020046,-1
504,373,228,1,0,10118,0,0,0
505,431,374,1,1,5694.88832,10430.92375,0.545962032,1
506,374,375,1,1,6852.508454,9202.581877,0.744628904,-1
507,375,376,1,1,7419.342897,5646.271101,1.314025268,1
508,376,228,1,1,2475.278387,1361.125296,1.818552924,-1
509,432,376,1,0,4951,0,0,0
510,433,377,1,1,5186.564333,26161.54679,0.19825144,1
511,377,17,1,1,6550.962282,414586.5506,0.015801193,-1
512,321,210,1,0,7400,0,0,0
513,210,213,1,0,11150,0,0,0
514,211,328,1,1,16912.12888,13123.90283,1.288650876,-1
515,326,211,1,1,14115.31882,8674.83667,1.627156724,-1
516,293,210,1,1,14280.69989,254175.1512,0.056184485,1
517,293,321,1,0,13000,0,0,0
518,390,295,1,0,10000,0,0,0
519,391,390,1,0,10000,0,0,0
520,392,391,1,0,10000,0,0,0
521,434,392,1,0,10000,0,0,0
