chan_int_num,lambda_ft,omega_ftsec,meanMigrationRate_ftsec,holdThr_ftsec,constProbOrient,slopeProbOrient,pPersistence,daytimeSwimProb,stdMigrationRate_ftsec,pSystem,holdProb
1,2468832.025,0,1.07848692,3.754275511,-0.553883903,8.558385245,0.714137914,0.677406803,1.430060177,0.407944008,0.316704446
2,2468832.025,0,1.07848692,3.754275511,-0.553883903,8.558385245,0.714137914,0.677406803,1.430060177,0.407944008,0.316704446
3,2468832.025,0,1.07848692,3.754275511,-0.553883903,8.558385245,0.714137914,0.677406803,1.430060177,0.407944008,0.316704446
4,2468832.025,0,1.07848692,3.754275511,-0.553883903,8.558385245,0.714137914,0.677406803,1.430060177,0.407944008,0.316704446
5,2468832.025,0,1.07848692,3.754275511,-0.553883903,8.558385245,0.714137914,0.677406803,1.430060177,0.407944008,0.316704446
6,2468832.025,0,1.07848692,3.754275511,-0.553883903,8.558385245,0.714137914,0.677406803,1.430060177,0.407944008,0.316704446
7,2468832.025,0,1.07848692,3.754275511,-0.553883903,8.558385245,0.714137914,0.677406803,1.430060177,0.407944008,0.316704446
8,2468832.025,0,1.07848692,3.754275511,-0.553883903,8.558385245,0.714137914,0.677406803,1.430060177,0.407944008,0.316704446
9,2468832.025,0,1.07848692,3.754275511,-0.553883903,8.558385245,0.714137914,0.677406803,1.430060177,0.407944008,0.316704446
10,2468832.025,0,1.07848692,3.754275511,-0.553883903,8.558385245,0.714137914,0.677406803,1.430060177,0.407944008,0.316704446
11,2468832.025,0,1.07848692,3.754275511,-0.553883903,8.558385245,0.714137914,0.677406803,1.430060177,0.407944008,0.316704446
12,2468832.025,0,1.07848692,3.754275511,-0.553883903,8.558385245,0.714137914,0.677406803,1.430060177,0.407944008,0.316704446
13,2468832.025,0,1.07848692,3.754275511,-0.553883903,8.558385245,0.714137914,0.677406803,1.430060177,0.407944008,0.316704446
14,2468832.025,0,1.07848692,3.754275511,-0.553883903,8.558385245,0.714137914,0.677406803,1.430060177,0.407944008,0.316704446
15,2468832.025,0,1.07848692,3.754275511,-0.553883903,8.558385245,0.714137914,0.677406803,1.430060177,0.407944008,0.316704446
16,2468832.025,0,1.07848692,3.754275511,-0.553883903,8.558385245,0.714137914,0.677406803,1.430060177,0.407944008,0.316704446
17,2468832.025,0,1.07848692,3.754275511,-0.553883903,8.558385245,0.714137914,0.677406803,1.430060177,0.407944008,0.316704446
18,2468832.025,0,1.07848692,3.754275511,-0.553883903,8.558385245,0.714137914,0.677406803,1.430060177,0.407944008,0.316704446
19,2468832.025,0,1.07848692,3.754275511,-0.553883903,8.558385245,0.714137914,0.677406803,1.430060177,0.407944008,0.316704446
20,2468832.025,0,1.07848692,3.754275511,-0.553883903,8.558385245,0.714137914,0.677406803,1.430060177,0.407944008,0.316704446
21,2468832.025,0,1.07848692,3.754275511,-0.553883903,8.558385245,0.714137914,0.677406803,1.430060177,0.407944008,0.316704446
22,2468832.025,0,1.07848692,3.754275511,-0.553883903,8.558385245,0.714137914,0.677406803,1.430060177,0.407944008,0.316704446
23,2468832.025,0,1.07848692,3.754275511,-0.553883903,8.558385245,0.714137914,0.677406803,1.430060177,0.407944008,0.316704446
24,2468832.025,0,1.07848692,3.754275511,-0.553883903,8.558385245,0.714137914,0.677406803,1.430060177,0.407944008,0.316704446
25,2468832.025,0,1.07848692,3.754275511,-0.553883903,8.558385245,0.714137914,0.677406803,1.430060177,0.407944008,0.316704446
26,2468832.025,0,1.07848692,3.754275511,-0.553883903,8.558385245,0.714137914,0.677406803,1.430060177,0.407944008,0.316704446
27,2468832.025,0,1.07848692,3.754275511,-0.553883903,8.558385245,0.714137914,0.677406803,1.430060177,0.407944008,0.316704446
28,2468832.025,0,1.07848692,3.754275511,-0.553883903,8.558385245,0.714137914,0.677406803,1.430060177,0.407944008,0.316704446
29,2468832.025,0,1.07848692,3.754275511,-0.553883903,8.558385245,0.714137914,0.677406803,1.430060177,0.407944008,0.316704446
30,2468832.025,0,1.07848692,3.754275511,-0.553883903,8.558385245,0.714137914,0.677406803,1.430060177,0.407944008,0.316704446
31,2468832.025,0,1.07848692,3.754275511,-0.553883903,8.558385245,0.714137914,0.677406803,1.430060177,0.407944008,0.316704446
32,2468832.025,0,1.07848692,3.754275511,-0.553883903,8.558385245,0.714137914,0.677406803,1.430060177,0.407944008,0.316704446
33,2468832.025,0,1.07848692,3.754275511,-0.553883903,8.558385245,0.714137914,0.677406803,1.430060177,0.407944008,0.316704446
34,2468832.025,0,1.07848692,3.754275511,-0.553883903,8.558385245,0.714137914,0.677406803,1.430060177,0.407944008,0.316704446
35,2468832.025,0,1.07848692,3.754275511,-0.553883903,8.558385245,0.714137914,0.677406803,1.430060177,0.407944008,0.316704446
36,2468832.025,0,1.07848692,3.754275511,-0.553883903,8.558385245,0.714137914,0.677406803,1.430060177,0.407944008,0.316704446
37,2468832.025,0,1.07848692,3.754275511,-0.553883903,8.558385245,0.714137914,0.677406803,1.430060177,0.407944008,0.316704446
38,2468832.025,0,1.07848692,3.754275511,-0.553883903,8.558385245,0.714137914,0.677406803,1.430060177,0.407944008,0.316704446
39,2468832.025,0,1.07848692,3.754275511,-0.553883903,8.558385245,0.714137914,0.677406803,1.430060177,0.407944008,0.316704446
40,2468832.025,0,1.07848692,3.754275511,-0.553883903,8.558385245,0.714137914,0.677406803,1.430060177,0.407944008,0.316704446
41,2468832.025,0,1.07848692,3.754275511,-0.553883903,8.558385245,0.714137914,0.677406803,1.430060177,0.407944008,0.316704446
42,2468832.025,0,1.07848692,3.754275511,-0.553883903,8.558385245,0.714137914,0.677406803,1.430060177,0.407944008,0.316704446
43,2468832.025,0,1.07848692,3.754275511,-0.553883903,8.558385245,0.714137914,0.677406803,1.430060177,0.407944008,0.316704446
44,2468832.025,0,1.07848692,3.754275511,-0.553883903,8.558385245,0.714137914,0.677406803,1.430060177,0.407944008,0.316704446
45,2468832.025,0,1.07848692,3.754275511,-0.553883903,8.558385245,0.714137914,0.677406803,1.430060177,0.407944008,0.316704446
46,2468832.025,0,1.07848692,3.754275511,-0.553883903,8.558385245,0.714137914,0.677406803,1.430060177,0.407944008,0.316704446
47,2468832.025,0,1.07848692,3.754275511,-0.553883903,8.558385245,0.714137914,0.677406803,1.430060177,0.407944008,0.316704446
48,2468832.025,0,1.07848692,3.754275511,-0.553883903,8.558385245,0.714137914,0.677406803,1.430060177,0.407944008,0.316704446
49,2468832.025,0,1.07848692,3.754275511,-0.553883903,8.558385245,0.714137914,0.677406803,1.430060177,0.407944008,0.316704446
50,2468832.025,0,1.07848692,3.754275511,-0.553883903,8.558385245,0.714137914,0.677406803,1.430060177,0.407944008,0.316704446
51,2468832.025,0,1.07848692,3.754275511,-0.553883903,8.558385245,0.714137914,0.677406803,1.430060177,0.407944008,0.316704446
52,2468832.025,0,1.07848692,3.754275511,-0.553883903,8.558385245,0.714137914,0.677406803,1.430060177,0.407944008,0.316704446
53,2468832.025,0,1.07848692,3.754275511,-0.553883903,8.558385245,0.714137914,0.677406803,1.430060177,0.407944008,0.316704446
54,2468832.025,0,1.07848692,3.754275511,-0.553883903,8.558385245,0.714137914,0.677406803,1.430060177,0.407944008,0.316704446
55,2468832.025,0,1.07848692,3.754275511,-0.553883903,8.558385245,0.714137914,0.677406803,1.430060177,0.407944008,0.316704446
56,2468832.025,0,1.07848692,3.754275511,-0.553883903,8.558385245,0.714137914,0.677406803,1.430060177,0.407944008,0.316704446
57,2468832.025,0,1.07848692,3.754275511,-0.553883903,8.558385245,0.714137914,0.677406803,1.430060177,0.407944008,0.316704446
58,2468832.025,0,1.07848692,3.754275511,-0.553883903,8.558385245,0.714137914,0.677406803,1.430060177,0.407944008,0.316704446
59,2468832.025,0,1.07848692,3.754275511,-0.553883903,8.558385245,0.714137914,0.677406803,1.430060177,0.407944008,0.316704446
60,2468832.025,0,1.07848692,3.754275511,-0.553883903,8.558385245,0.714137914,0.677406803,1.430060177,0.407944008,0.316704446
61,2468832.025,0,1.07848692,3.754275511,-0.553883903,8.558385245,0.714137914,0.677406803,1.430060177,0.407944008,0.316704446
62,2468832.025,0,1.07848692,3.754275511,-0.553883903,8.558385245,0.714137914,0.677406803,1.430060177,0.407944008,0.316704446
63,2468832.025,0,1.07848692,3.754275511,-0.553883903,8.558385245,0.714137914,0.677406803,1.430060177,0.407944008,0.316704446
64,2468832.025,0,1.07848692,3.754275511,-0.553883903,8.558385245,0.714137914,0.677406803,1.430060177,0.407944008,0.316704446
65,2468832.025,0,1.07848692,3.754275511,-0.553883903,8.558385245,0.714137914,0.677406803,1.430060177,0.407944008,0.316704446
66,2468832.025,0,1.07848692,3.754275511,-0.553883903,8.558385245,0.714137914,0.677406803,1.430060177,0.407944008,0.316704446
67,2468832.025,0,1.07848692,3.754275511,-0.553883903,8.558385245,0.714137914,0.677406803,1.430060177,0.407944008,0.316704446
68,2468832.025,0,1.07848692,3.754275511,-0.553883903,8.558385245,0.714137914,0.677406803,1.430060177,0.407944008,0.316704446
69,2468832.025,0,1.07848692,3.754275511,-0.553883903,8.558385245,0.714137914,0.677406803,1.430060177,0.407944008,0.316704446
70,2468832.025,0,1.07848692,3.754275511,-0.553883903,8.558385245,0.714137914,0.677406803,1.430060177,0.407944008,0.316704446
71,2468832.025,0,1.07848692,3.754275511,-0.553883903,8.558385245,0.714137914,0.677406803,1.430060177,0.407944008,0.316704446
72,2468832.025,0,1.07848692,3.754275511,-0.553883903,8.558385245,0.714137914,0.677406803,1.430060177,0.407944008,0.316704446
73,2468832.025,0,1.07848692,3.754275511,-0.553883903,8.558385245,0.714137914,0.677406803,1.430060177,0.407944008,0.316704446
74,2468832.025,0,1.07848692,3.754275511,-0.553883903,8.558385245,0.714137914,0.677406803,1.430060177,0.407944008,0.316704446
75,2468832.025,0,1.07848692,3.754275511,-0.553883903,8.558385245,0.714137914,0.677406803,1.430060177,0.407944008,0.316704446
76,2468832.025,0,1.07848692,3.754275511,-0.553883903,8.558385245,0.714137914,0.677406803,1.430060177,0.407944008,0.316704446
77,2468832.025,0,1.07848692,3.754275511,-0.553883903,8.558385245,0.714137914,0.677406803,1.430060177,0.407944008,0.316704446
78,2468832.025,0,1.07848692,3.754275511,-0.553883903,8.558385245,0.714137914,0.677406803,1.430060177,0.407944008,0.316704446
79,2468832.025,0,1.07848692,3.754275511,-0.553883903,8.558385245,0.714137914,0.677406803,1.430060177,0.407944008,0.316704446
80,2468832.025,0,1.07848692,3.754275511,-0.553883903,8.558385245,0.714137914,0.677406803,1.430060177,0.407944008,0.316704446
81,2468832.025,0,1.07848692,3.754275511,-0.553883903,8.558385245,0.714137914,0.677406803,1.430060177,0.407944008,0.316704446
82,2468832.025,0,1.07848692,3.754275511,-0.553883903,8.558385245,0.714137914,0.677406803,1.430060177,0.407944008,0.316704446
83,2468832.025,0,1.07848692,3.754275511,-0.553883903,8.558385245,0.714137914,0.677406803,1.430060177,0.407944008,0.316704446
84,2468832.025,0,1.07848692,3.754275511,-0.553883903,8.558385245,0.714137914,0.677406803,1.430060177,0.407944008,0.316704446
85,2468832.025,0,1.07848692,3.754275511,-0.553883903,8.558385245,0.714137914,0.677406803,1.430060177,0.407944008,0.316704446
86,2468832.025,0,1.07848692,3.754275511,-0.553883903,8.558385245,0.714137914,0.677406803,1.430060177,0.407944008,0.316704446
87,2468832.025,0,1.07848692,3.754275511,-0.553883903,8.558385245,0.714137914,0.677406803,1.430060177,0.407944008,0.316704446
88,2468832.025,0,1.07848692,3.754275511,-0.553883903,8.558385245,0.714137914,0.677406803,1.430060177,0.407944008,0.316704446
89,2468832.025,0,1.07848692,3.754275511,-0.553883903,8.558385245,0.714137914,0.677406803,1.430060177,0.407944008,0.316704446
90,2468832.025,0,1.07848692,3.754275511,-0.553883903,8.558385245,0.714137914,0.677406803,1.430060177,0.407944008,0.316704446
91,2468832.025,0,1.07848692,3.754275511,-0.553883903,8.558385245,0.714137914,0.677406803,1.430060177,0.407944008,0.316704446
92,2468832.025,0,1.07848692,3.754275511,-0.553883903,8.558385245,0.714137914,0.677406803,1.430060177,0.407944008,0.316704446
93,2468832.025,0,1.07848692,3.754275511,-0.553883903,8.558385245,0.714137914,0.677406803,1.430060177,0.407944008,0.316704446
94,2468832.025,0,1.07848692,3.754275511,-0.553883903,8.558385245,0.714137914,0.677406803,1.430060177,0.407944008,0.316704446
95,2468832.025,0,1.07848692,3.754275511,-0.553883903,8.558385245,0.714137914,0.677406803,1.430060177,0.407944008,0.316704446
96,2468832.025,0,1.07848692,3.754275511,-0.553883903,8.558385245,0.714137914,0.677406803,1.430060177,0.407944008,0.316704446
97,2468832.025,0,1.07848692,3.754275511,-0.553883903,8.558385245,0.714137914,0.677406803,1.430060177,0.407944008,0.316704446
98,2468832.025,0,1.07848692,3.754275511,-0.553883903,8.558385245,0.714137914,0.677406803,1.430060177,0.407944008,0.316704446
99,2468832.025,0,1.07848692,3.754275511,-0.553883903,8.558385245,0.714137914,0.677406803,1.430060177,0.407944008,0.316704446
100,2468832.025,0,1.07848692,3.754275511,-0.553883903,8.558385245,0.714137914,0.677406803,1.430060177,0.407944008,0.316704446
101,2468832.025,0,1.07848692,3.754275511,-0.553883903,8.558385245,0.714137914,0.677406803,1.430060177,0.407944008,0.316704446
102,2468832.025,0,1.07848692,3.754275511,-0.553883903,8.558385245,0.714137914,0.677406803,1.430060177,0.407944008,0.316704446
103,2468832.025,0,1.07848692,3.754275511,-0.553883903,8.558385245,0.714137914,0.677406803,1.430060177,0.407944008,0.316704446
104,2468832.025,0,1.07848692,3.754275511,-0.553883903,8.558385245,0.714137914,0.677406803,1.430060177,0.407944008,0.316704446
105,2468832.025,0,1.07848692,3.754275511,-0.553883903,8.558385245,0.714137914,0.677406803,1.430060177,0.407944008,0.316704446
106,2468832.025,0,1.07848692,3.754275511,-0.553883903,8.558385245,0.714137914,0.677406803,1.430060177,0.407944008,0.316704446
107,2468832.025,0,1.07848692,3.754275511,-0.553883903,8.558385245,0.714137914,0.677406803,1.430060177,0.407944008,0.316704446
108,2468832.025,0,1.07848692,3.754275511,-0.553883903,8.558385245,0.714137914,0.677406803,1.430060177,0.407944008,0.316704446
109,2468832.025,0,1.07848692,3.754275511,-0.553883903,8.558385245,0.714137914,0.677406803,1.430060177,0.407944008,0.316704446
110,2468832.025,0,1.07848692,3.754275511,-0.553883903,8.558385245,0.714137914,0.677406803,1.430060177,0.407944008,0.316704446
111,2468832.025,0,1.07848692,3.754275511,-0.553883903,8.558385245,0.714137914,0.677406803,1.430060177,0.407944008,0.316704446
112,2468832.025,0,1.07848692,3.754275511,-0.553883903,8.558385245,0.714137914,0.677406803,1.430060177,0.407944008,0.316704446
113,2468832.025,0,1.07848692,3.754275511,-0.553883903,8.558385245,0.714137914,0.677406803,1.430060177,0.407944008,0.316704446
114,2468832.025,0,1.07848692,3.754275511,-0.553883903,8.558385245,0.714137914,0.677406803,1.430060177,0.407944008,0.316704446
115,2468832.025,0,1.07848692,3.754275511,-0.553883903,8.558385245,0.714137914,0.677406803,1.430060177,0.407944008,0.316704446
116,2468832.025,0,1.07848692,3.754275511,-0.553883903,8.558385245,0.714137914,0.677406803,1.430060177,0.407944008,0.316704446
117,2468832.025,0,1.07848692,3.754275511,-0.553883903,8.558385245,0.714137914,0.677406803,1.430060177,0.407944008,0.316704446
118,2468832.025,0,1.07848692,3.754275511,-0.553883903,8.558385245,0.714137914,0.677406803,1.430060177,0.407944008,0.316704446
119,2468832.025,0,1.07848692,3.754275511,-0.553883903,8.558385245,0.714137914,0.677406803,1.430060177,0.407944008,0.316704446
120,2468832.025,0,1.07848692,3.754275511,-0.553883903,8.558385245,0.714137914,0.677406803,1.430060177,0.407944008,0.316704446
121,2468832.025,0,1.07848692,3.754275511,-0.553883903,8.558385245,0.714137914,0.677406803,1.430060177,0.407944008,0.316704446
122,2468832.025,0,1.07848692,3.754275511,-0.553883903,8.558385245,0.714137914,0.677406803,1.430060177,0.407944008,0.316704446
123,2468832.025,0,1.07848692,3.754275511,-0.553883903,8.558385245,0.714137914,0.677406803,1.430060177,0.407944008,0.316704446
124,2468832.025,0,1.07848692,3.754275511,-0.553883903,8.558385245,0.714137914,0.677406803,1.430060177,0.407944008,0.316704446
125,2468832.025,0,1.07848692,3.754275511,-0.553883903,8.558385245,0.714137914,0.677406803,1.430060177,0.407944008,0.316704446
126,2468832.025,0,1.07848692,3.754275511,-0.553883903,8.558385245,0.714137914,0.677406803,1.430060177,0.407944008,0.316704446
127,2468832.025,0,1.07848692,3.754275511,-0.553883903,8.558385245,0.714137914,0.677406803,1.430060177,0.407944008,0.316704446
128,2468832.025,0,1.07848692,3.754275511,-0.553883903,8.558385245,0.714137914,0.677406803,1.430060177,0.407944008,0.316704446
129,2468832.025,0,1.07848692,3.754275511,-0.553883903,8.558385245,0.714137914,0.677406803,1.430060177,0.407944008,0.316704446
130,2468832.025,0,1.07848692,3.754275511,-0.553883903,8.558385245,0.714137914,0.677406803,1.430060177,0.407944008,0.316704446
131,2468832.025,0,1.07848692,3.754275511,-0.553883903,8.558385245,0.714137914,0.677406803,1.430060177,0.407944008,0.316704446
132,2468832.025,0,1.07848692,3.754275511,-0.553883903,8.558385245,0.714137914,0.677406803,1.430060177,0.407944008,0.316704446
133,2468832.025,0,1.07848692,3.754275511,-0.553883903,8.558385245,0.714137914,0.677406803,1.430060177,0.407944008,0.316704446
134,2468832.025,0,1.07848692,3.754275511,-0.553883903,8.558385245,0.714137914,0.677406803,1.430060177,0.407944008,0.316704446
135,2468832.025,0,1.07848692,3.754275511,-0.553883903,8.558385245,0.714137914,0.677406803,1.430060177,0.407944008,0.316704446
136,2468832.025,0,1.07848692,3.754275511,-0.553883903,8.558385245,0.714137914,0.677406803,1.430060177,0.407944008,0.316704446
137,2468832.025,0,1.07848692,3.754275511,-0.553883903,8.558385245,0.714137914,0.677406803,1.430060177,0.407944008,0.316704446
138,2468832.025,0,1.07848692,3.754275511,-0.553883903,8.558385245,0.714137914,0.677406803,1.430060177,0.407944008,0.316704446
139,2468832.025,0,1.07848692,3.754275511,-0.553883903,8.558385245,0.714137914,0.677406803,1.430060177,0.407944008,0.316704446
140,2468832.025,0,1.07848692,3.754275511,-0.553883903,8.558385245,0.714137914,0.677406803,1.430060177,0.407944008,0.316704446
141,2468832.025,0,1.07848692,3.754275511,-0.553883903,8.558385245,0.714137914,0.677406803,1.430060177,0.407944008,0.316704446
142,2468832.025,0,1.07848692,3.754275511,-0.553883903,8.558385245,0.714137914,0.677406803,1.430060177,0.407944008,0.316704446
143,2468832.025,0,1.07848692,3.754275511,-0.553883903,8.558385245,0.714137914,0.677406803,1.430060177,0.407944008,0.316704446
144,2468832.025,0,1.07848692,3.754275511,-0.553883903,8.558385245,0.714137914,0.677406803,1.430060177,0.407944008,0.316704446
145,2468832.025,0,1.07848692,3.754275511,-0.553883903,8.558385245,0.714137914,0.677406803,1.430060177,0.407944008,0.316704446
146,2468832.025,0,1.07848692,3.754275511,-0.553883903,8.558385245,0.714137914,0.677406803,1.430060177,0.407944008,0.316704446
147,2468832.025,0,1.07848692,3.754275511,-0.553883903,8.558385245,0.714137914,0.677406803,1.430060177,0.407944008,0.316704446
148,2468832.025,0,1.07848692,3.754275511,-0.553883903,8.558385245,0.714137914,0.677406803,1.430060177,0.407944008,0.316704446
149,2468832.025,0,1.07848692,3.754275511,-0.553883903,8.558385245,0.714137914,0.677406803,1.430060177,0.407944008,0.316704446
150,2468832.025,0,1.07848692,3.754275511,-0.553883903,8.558385245,0.714137914,0.677406803,1.430060177,0.407944008,0.316704446
151,2468832.025,0,1.07848692,3.754275511,-0.553883903,8.558385245,0.714137914,0.677406803,1.430060177,0.407944008,0.316704446
152,2468832.025,0,1.07848692,3.754275511,-0.553883903,8.558385245,0.714137914,0.677406803,1.430060177,0.407944008,0.316704446
153,2468832.025,0,1.07848692,3.754275511,-0.553883903,8.558385245,0.714137914,0.677406803,1.430060177,0.407944008,0.316704446
154,2468832.025,0,1.07848692,3.754275511,-0.553883903,8.558385245,0.714137914,0.677406803,1.430060177,0.407944008,0.316704446
155,2468832.025,0,1.07848692,3.754275511,-0.553883903,8.558385245,0.714137914,0.677406803,1.430060177,0.407944008,0.316704446
156,2468832.025,0,1.07848692,3.754275511,-0.553883903,8.558385245,0.714137914,0.677406803,1.430060177,0.407944008,0.316704446
157,2468832.025,0,1.07848692,3.754275511,-0.553883903,8.558385245,0.714137914,0.677406803,1.430060177,0.407944008,0.316704446
158,2468832.025,0,1.07848692,3.754275511,-0.553883903,8.558385245,0.714137914,0.677406803,1.430060177,0.407944008,0.316704446
159,2468832.025,0,1.07848692,3.754275511,-0.553883903,8.558385245,0.714137914,0.677406803,1.430060177,0.407944008,0.316704446
160,2468832.025,0,1.07848692,3.754275511,-0.553883903,8.558385245,0.714137914,0.677406803,1.430060177,0.407944008,0.316704446
161,2468832.025,0,1.07848692,3.754275511,-0.553883903,8.558385245,0.714137914,0.677406803,1.430060177,0.407944008,0.316704446
162,2468832.025,0,1.07848692,3.754275511,-0.553883903,8.558385245,0.714137914,0.677406803,1.430060177,0.407944008,0.316704446
163,2468832.025,0,1.07848692,3.754275511,-0.553883903,8.558385245,0.714137914,0.677406803,1.430060177,0.407944008,0.316704446
164,2468832.025,0,1.07848692,3.754275511,-0.553883903,8.558385245,0.714137914,0.677406803,1.430060177,0.407944008,0.316704446
165,2468832.025,0,1.07848692,3.754275511,-0.553883903,8.558385245,0.714137914,0.677406803,1.430060177,0.407944008,0.316704446
166,2468832.025,0,1.07848692,3.754275511,-0.553883903,8.558385245,0.714137914,0.677406803,1.430060177,0.407944008,0.316704446
167,2468832.025,0,1.07848692,3.754275511,-0.553883903,8.558385245,0.714137914,0.677406803,1.430060177,0.407944008,0.316704446
168,2468832.025,0,1.07848692,3.754275511,-0.553883903,8.558385245,0.714137914,0.677406803,1.430060177,0.407944008,0.316704446
169,2468832.025,0,1.07848692,3.754275511,-0.553883903,8.558385245,0.714137914,0.677406803,1.430060177,0.407944008,0.316704446
170,2468832.025,0,1.07848692,3.754275511,-0.553883903,8.558385245,0.714137914,0.677406803,1.430060177,0.407944008,0.316704446
171,2468832.025,0,1.07848692,3.754275511,-0.553883903,8.558385245,0.714137914,0.677406803,1.430060177,0.407944008,0.316704446
172,2468832.025,0,1.07848692,3.754275511,-0.553883903,8.558385245,0.714137914,0.677406803,1.430060177,0.407944008,0.316704446
173,2468832.025,0,1.07848692,3.754275511,-0.553883903,8.558385245,0.714137914,0.677406803,1.430060177,0.407944008,0.316704446
174,2468832.025,0,1.07848692,3.754275511,-0.553883903,8.558385245,0.714137914,0.677406803,1.430060177,0.407944008,0.316704446
175,2468832.025,0,1.07848692,3.754275511,-0.553883903,8.558385245,0.714137914,0.677406803,1.430060177,0.407944008,0.316704446
176,2468832.025,0,1.07848692,3.754275511,-0.553883903,8.558385245,0.714137914,0.677406803,1.430060177,0.407944008,0.316704446
177,2468832.025,0,1.07848692,3.754275511,-0.553883903,8.558385245,0.714137914,0.677406803,1.430060177,0.407944008,0.316704446
178,2468832.025,0,1.07848692,3.754275511,-0.553883903,8.558385245,0.714137914,0.677406803,1.430060177,0.407944008,0.316704446
179,2468832.025,0,1.07848692,3.754275511,-0.553883903,8.558385245,0.714137914,0.677406803,1.430060177,0.407944008,0.316704446
180,2468832.025,0,1.07848692,3.754275511,-0.553883903,8.558385245,0.714137914,0.677406803,1.430060177,0.407944008,0.316704446
181,2468832.025,0,1.07848692,3.754275511,-0.553883903,8.558385245,0.714137914,0.677406803,1.430060177,0.407944008,0.316704446
182,2468832.025,0,1.07848692,3.754275511,-0.553883903,8.558385245,0.714137914,0.677406803,1.430060177,0.407944008,0.316704446
183,2468832.025,0,1.07848692,3.754275511,-0.553883903,8.558385245,0.714137914,0.677406803,1.430060177,0.407944008,0.316704446
184,2468832.025,0,1.07848692,3.754275511,-0.553883903,8.558385245,0.714137914,0.677406803,1.430060177,0.407944008,0.316704446
185,2468832.025,0,1.07848692,3.754275511,-0.553883903,8.558385245,0.714137914,0.677406803,1.430060177,0.407944008,0.316704446
186,2468832.025,0,1.07848692,3.754275511,-0.553883903,8.558385245,0.714137914,0.677406803,1.430060177,0.407944008,0.316704446
187,2468832.025,0,1.07848692,3.754275511,-0.553883903,8.558385245,0.714137914,0.677406803,1.430060177,0.407944008,0.316704446
188,2468832.025,0,1.07848692,3.754275511,-0.553883903,8.558385245,0.714137914,0.677406803,1.430060177,0.407944008,0.316704446
189,2468832.025,0,1.07848692,3.754275511,-0.553883903,8.558385245,0.714137914,0.677406803,1.430060177,0.407944008,0.316704446
190,2468832.025,0,1.07848692,3.754275511,-0.553883903,8.558385245,0.714137914,0.677406803,1.430060177,0.407944008,0.316704446
191,2468832.025,0,1.07848692,3.754275511,-0.553883903,8.558385245,0.714137914,0.677406803,1.430060177,0.407944008,0.316704446
192,2468832.025,0,1.07848692,3.754275511,-0.553883903,8.558385245,0.714137914,0.677406803,1.430060177,0.407944008,0.316704446
193,2468832.025,0,1.07848692,3.754275511,-0.553883903,8.558385245,0.714137914,0.677406803,1.430060177,0.407944008,0.316704446
194,2468832.025,0,1.07848692,3.754275511,-0.553883903,8.558385245,0.714137914,0.677406803,1.430060177,0.407944008,0.316704446
195,2468832.025,0,1.07848692,3.754275511,-0.553883903,8.558385245,0.714137914,0.677406803,1.430060177,0.407944008,0.316704446
196,2468832.025,0,1.07848692,3.754275511,-0.553883903,8.558385245,0.714137914,0.677406803,1.430060177,0.407944008,0.316704446
197,2468832.025,0,1.07848692,3.754275511,-0.553883903,8.558385245,0.714137914,0.677406803,1.430060177,0.407944008,0.316704446
198,2468832.025,0,1.07848692,3.754275511,-0.553883903,8.558385245,0.714137914,0.677406803,1.430060177,0.407944008,0.316704446
199,2468832.025,0,1.07848692,3.754275511,-0.553883903,8.558385245,0.714137914,0.677406803,1.430060177,0.407944008,0.316704446
200,2468832.025,0,1.07848692,3.754275511,-0.553883903,8.558385245,0.714137914,0.677406803,1.430060177,0.407944008,0.316704446
201,2468832.025,0,1.07848692,3.754275511,-0.553883903,8.558385245,0.714137914,0.677406803,1.430060177,0.407944008,0.316704446
202,2468832.025,0,1.07848692,3.754275511,-0.553883903,8.558385245,0.714137914,0.677406803,1.430060177,0.407944008,0.316704446
203,2468832.025,0,1.07848692,3.754275511,-0.553883903,8.558385245,0.714137914,0.677406803,1.430060177,0.407944008,0.316704446
204,2468832.025,0,1.07848692,3.754275511,-0.553883903,8.558385245,0.714137914,0.677406803,1.430060177,0.407944008,0.316704446
205,2468832.025,0,1.07848692,3.754275511,-0.553883903,8.558385245,0.714137914,0.677406803,1.430060177,0.407944008,0.316704446
206,2468832.025,0,1.07848692,3.754275511,-0.553883903,8.558385245,0.714137914,0.677406803,1.430060177,0.407944008,0.316704446
207,2468832.025,0,1.07848692,3.754275511,-0.553883903,8.558385245,0.714137914,0.677406803,1.430060177,0.407944008,0.316704446
208,2468832.025,0,1.07848692,3.754275511,-0.553883903,8.558385245,0.714137914,0.677406803,1.430060177,0.407944008,0.316704446
209,2468832.025,0,1.07848692,3.754275511,-0.553883903,8.558385245,0.714137914,0.677406803,1.430060177,0.407944008,0.316704446
210,2468832.025,0,1.07848692,3.754275511,-0.553883903,8.558385245,0.714137914,0.677406803,1.430060177,0.407944008,0.316704446
211,2468832.025,0,1.07848692,3.754275511,-0.553883903,8.558385245,0.714137914,0.677406803,1.430060177,0.407944008,0.316704446
212,2468832.025,0,1.07848692,3.754275511,-0.553883903,8.558385245,0.714137914,0.677406803,1.430060177,0.407944008,0.316704446
213,2468832.025,0,1.07848692,3.754275511,-0.553883903,8.558385245,0.714137914,0.677406803,1.430060177,0.407944008,0.316704446
214,2468832.025,0,1.07848692,3.754275511,-0.553883903,8.558385245,0.714137914,0.677406803,1.430060177,0.407944008,0.316704446
215,2468832.025,0,1.07848692,3.754275511,-0.553883903,8.558385245,0.714137914,0.677406803,1.430060177,0.407944008,0.316704446
216,2468832.025,0,1.07848692,3.754275511,-0.553883903,8.558385245,0.714137914,0.677406803,1.430060177,0.407944008,0.316704446
217,2468832.025,0,1.07848692,3.754275511,-0.553883903,8.558385245,0.714137914,0.677406803,1.430060177,0.407944008,0.316704446
218,2468832.025,0,1.07848692,3.754275511,-0.553883903,8.558385245,0.714137914,0.677406803,1.430060177,0.407944008,0.316704446
219,2468832.025,0,1.07848692,3.754275511,-0.553883903,8.558385245,0.714137914,0.677406803,1.430060177,0.407944008,0.316704446
220,2468832.025,0,1.07848692,3.754275511,-0.553883903,8.558385245,0.714137914,0.677406803,1.430060177,0.407944008,0.316704446
221,2468832.025,0,1.07848692,3.754275511,-0.553883903,8.558385245,0.714137914,0.677406803,1.430060177,0.407944008,0.316704446
222,2468832.025,0,1.07848692,3.754275511,-0.553883903,8.558385245,0.714137914,0.677406803,1.430060177,0.407944008,0.316704446
223,2468832.025,0,1.07848692,3.754275511,-0.553883903,8.558385245,0.714137914,0.677406803,1.430060177,0.407944008,0.316704446
224,2468832.025,0,1.07848692,3.754275511,-0.553883903,8.558385245,0.714137914,0.677406803,1.430060177,0.407944008,0.316704446
225,2468832.025,0,1.07848692,3.754275511,-0.553883903,8.558385245,0.714137914,0.677406803,1.430060177,0.407944008,0.316704446
226,2468832.025,0,1.07848692,3.754275511,-0.553883903,8.558385245,0.714137914,0.677406803,1.430060177,0.407944008,0.316704446
227,2468832.025,0,1.07848692,3.754275511,-0.553883903,8.558385245,0.714137914,0.677406803,1.430060177,0.407944008,0.316704446
228,2468832.025,0,1.07848692,3.754275511,-0.553883903,8.558385245,0.714137914,0.677406803,1.430060177,0.407944008,0.316704446
229,2468832.025,0,1.07848692,3.754275511,-0.553883903,8.558385245,0.714137914,0.677406803,1.430060177,0.407944008,0.316704446
230,2468832.025,0,1.07848692,3.754275511,-0.553883903,8.558385245,0.714137914,0.677406803,1.430060177,0.407944008,0.316704446
231,2468832.025,0,1.07848692,3.754275511,-0.553883903,8.558385245,0.714137914,0.677406803,1.430060177,0.407944008,0.316704446
232,2468832.025,0,1.07848692,3.754275511,-0.553883903,8.558385245,0.714137914,0.677406803,1.430060177,0.407944008,0.316704446
233,2468832.025,0,1.07848692,3.754275511,-0.553883903,8.558385245,0.714137914,0.677406803,1.430060177,0.407944008,0.316704446
234,2468832.025,0,1.07848692,3.754275511,-0.553883903,8.558385245,0.714137914,0.677406803,1.430060177,0.407944008,0.316704446
235,2468832.025,0,1.07848692,3.754275511,-0.553883903,8.558385245,0.714137914,0.677406803,1.430060177,0.407944008,0.316704446
236,2468832.025,0,1.07848692,3.754275511,-0.553883903,8.558385245,0.714137914,0.677406803,1.430060177,0.407944008,0.316704446
237,2468832.025,0,1.07848692,3.754275511,-0.553883903,8.558385245,0.714137914,0.677406803,1.430060177,0.407944008,0.316704446
238,2468832.025,0,1.07848692,3.754275511,-0.553883903,8.558385245,0.714137914,0.677406803,1.430060177,0.407944008,0.316704446
239,2468832.025,0,1.07848692,3.754275511,-0.553883903,8.558385245,0.714137914,0.677406803,1.430060177,0.407944008,0.316704446
240,2468832.025,0,1.07848692,3.754275511,-0.553883903,8.558385245,0.714137914,0.677406803,1.430060177,0.407944008,0.316704446
241,2468832.025,0,1.07848692,3.754275511,-0.553883903,8.558385245,0.714137914,0.677406803,1.430060177,0.407944008,0.316704446
242,2468832.025,0,1.07848692,3.754275511,-0.553883903,8.558385245,0.714137914,0.677406803,1.430060177,0.407944008,0.316704446
243,2468832.025,0,1.07848692,3.754275511,-0.553883903,8.558385245,0.714137914,0.677406803,1.430060177,0.407944008,0.316704446
244,2468832.025,0,1.07848692,3.754275511,-0.553883903,8.558385245,0.714137914,0.677406803,1.430060177,0.407944008,0.316704446
245,2468832.025,0,1.07848692,3.754275511,-0.553883903,8.558385245,0.714137914,0.677406803,1.430060177,0.407944008,0.316704446
246,2468832.025,0,1.07848692,3.754275511,-0.553883903,8.558385245,0.714137914,0.677406803,1.430060177,0.407944008,0.316704446
247,2468832.025,0,1.07848692,3.754275511,-0.553883903,8.558385245,0.714137914,0.677406803,1.430060177,0.407944008,0.316704446
248,2468832.025,0,1.07848692,3.754275511,-0.553883903,8.558385245,0.714137914,0.677406803,1.430060177,0.407944008,0.316704446
249,2468832.025,0,1.07848692,3.754275511,-0.553883903,8.558385245,0.714137914,0.677406803,1.430060177,0.407944008,0.316704446
250,2468832.025,0,1.07848692,3.754275511,-0.553883903,8.558385245,0.714137914,0.677406803,1.430060177,0.407944008,0.316704446
251,2468832.025,0,1.07848692,3.754275511,-0.553883903,8.558385245,0.714137914,0.677406803,1.430060177,0.407944008,0.316704446
252,2468832.025,0,1.07848692,3.754275511,-0.553883903,8.558385245,0.714137914,0.677406803,1.430060177,0.407944008,0.316704446
253,2468832.025,0,1.07848692,3.754275511,-0.553883903,8.558385245,0.714137914,0.677406803,1.430060177,0.407944008,0.316704446
254,2468832.025,0,1.07848692,3.754275511,-0.553883903,8.558385245,0.714137914,0.677406803,1.430060177,0.407944008,0.316704446
255,2468832.025,0,1.07848692,3.754275511,-0.553883903,8.558385245,0.714137914,0.677406803,1.430060177,0.407944008,0.316704446
256,2468832.025,0,1.07848692,3.754275511,-0.553883903,8.558385245,0.714137914,0.677406803,1.430060177,0.407944008,0.316704446
257,2468832.025,0,1.07848692,3.754275511,-0.553883903,8.558385245,0.714137914,0.677406803,1.430060177,0.407944008,0.316704446
258,2468832.025,0,1.07848692,3.754275511,-0.553883903,8.558385245,0.714137914,0.677406803,1.430060177,0.407944008,0.316704446
259,2468832.025,0,1.07848692,3.754275511,-0.553883903,8.558385245,0.714137914,0.677406803,1.430060177,0.407944008,0.316704446
260,2468832.025,0,1.07848692,3.754275511,-0.553883903,8.558385245,0.714137914,0.677406803,1.430060177,0.407944008,0.316704446
261,2468832.025,0,1.07848692,3.754275511,-0.553883903,8.558385245,0.714137914,0.677406803,1.430060177,0.407944008,0.316704446
262,2468832.025,0,1.07848692,3.754275511,-0.553883903,8.558385245,0.714137914,0.677406803,1.430060177,0.407944008,0.316704446
263,2468832.025,0,1.07848692,3.754275511,-0.553883903,8.558385245,0.714137914,0.677406803,1.430060177,0.407944008,0.316704446
264,2468832.025,0,1.07848692,3.754275511,-0.553883903,8.558385245,0.714137914,0.677406803,1.430060177,0.407944008,0.316704446
265,2468832.025,0,1.07848692,3.754275511,-0.553883903,8.558385245,0.714137914,0.677406803,1.430060177,0.407944008,0.316704446
266,2468832.025,0,1.07848692,3.754275511,-0.553883903,8.558385245,0.714137914,0.677406803,1.430060177,0.407944008,0.316704446
267,2468832.025,0,1.07848692,3.754275511,-0.553883903,8.558385245,0.714137914,0.677406803,1.430060177,0.407944008,0.316704446
268,2468832.025,0,1.07848692,3.754275511,-0.553883903,8.558385245,0.714137914,0.677406803,1.430060177,0.407944008,0.316704446
269,2468832.025,0,1.07848692,3.754275511,-0.553883903,8.558385245,0.714137914,0.677406803,1.430060177,0.407944008,0.316704446
270,2468832.025,0,1.07848692,3.754275511,-0.553883903,8.558385245,0.714137914,0.677406803,1.430060177,0.407944008,0.316704446
271,2468832.025,0,1.07848692,3.754275511,-0.553883903,8.558385245,0.714137914,0.677406803,1.430060177,0.407944008,0.316704446
272,2468832.025,0,1.07848692,3.754275511,-0.553883903,8.558385245,0.714137914,0.677406803,1.430060177,0.407944008,0.316704446
273,2468832.025,0,1.07848692,3.754275511,-0.553883903,8.558385245,0.714137914,0.677406803,1.430060177,0.407944008,0.316704446
274,2468832.025,0,1.07848692,3.754275511,-0.553883903,8.558385245,0.714137914,0.677406803,1.430060177,0.407944008,0.316704446
275,2468832.025,0,1.07848692,3.754275511,-0.553883903,8.558385245,0.714137914,0.677406803,1.430060177,0.407944008,0.316704446
276,2468832.025,0,1.07848692,3.754275511,-0.553883903,8.558385245,0.714137914,0.677406803,1.430060177,0.407944008,0.316704446
277,3010170.608,0,1.26632779,3.714529114,-2.52685839,7.162506063,0.321954549,0.615578793,1.392827653,0.902371629,0.727731509
278,3010170.608,0,1.26632779,3.714529114,-2.52685839,7.162506063,0.321954549,0.615578793,1.392827653,0.902371629,0.727731509
279,3010170.608,0,1.26632779,3.714529114,-2.52685839,7.162506063,0.321954549,0.615578793,1.392827653,0.902371629,0.727731509
280,3010170.608,0,1.26632779,3.714529114,-2.52685839,7.162506063,0.321954549,0.615578793,1.392827653,0.902371629,0.727731509
281,2468832.025,0,1.07848692,3.754275511,-0.553883903,8.558385245,0.714137914,0.677406803,1.430060177,0.407944008,0.316704446
282,2468832.025,0,1.07848692,3.754275511,-0.553883903,8.558385245,0.714137914,0.677406803,1.430060177,0.407944008,0.316704446
283,2468832.025,0,1.07848692,3.754275511,-0.553883903,8.558385245,0.714137914,0.677406803,1.430060177,0.407944008,0.316704446
284,2468832.025,0,1.07848692,3.754275511,-0.553883903,8.558385245,0.714137914,0.677406803,1.430060177,0.407944008,0.316704446
285,2468832.025,0,1.07848692,3.754275511,-0.553883903,8.558385245,0.714137914,0.677406803,1.430060177,0.407944008,0.316704446
286,2468832.025,0,1.07848692,3.754275511,-0.553883903,8.558385245,0.714137914,0.677406803,1.430060177,0.407944008,0.316704446
287,2468832.025,0,1.07848692,3.754275511,-0.553883903,8.558385245,0.714137914,0.677406803,1.430060177,0.407944008,0.316704446
288,2468832.025,0,1.07848692,3.754275511,-0.553883903,8.558385245,0.714137914,0.677406803,1.430060177,0.407944008,0.316704446
289,2468832.025,0,1.07848692,3.754275511,-0.553883903,8.558385245,0.714137914,0.677406803,1.430060177,0.407944008,0.316704446
290,2468832.025,0,1.07848692,3.754275511,-0.553883903,8.558385245,0.714137914,0.677406803,1.430060177,0.407944008,0.316704446
291,2468832.025,0,1.07848692,3.754275511,-0.553883903,8.558385245,0.714137914,0.677406803,1.430060177,0.407944008,0.316704446
292,2333497.379,1.64041995,1.159241879,4.848617865,2.677999604,4.465809348,0.374281931,0.162731719,0.028954499,0.111043821,0.956642355
293,2333497.379,1.64041995,1.159241879,4.848617865,2.677999604,4.465809348,0.374281931,0.162731719,0.028954499,0.111043821,0.956642355
294,2333497.379,1.64041995,1.159241879,4.848617865,2.677999604,4.465809348,0.374281931,0.162731719,0.028954499,0.111043821,0.956642355
295,2333497.379,1.64041995,1.159241879,4.848617865,2.677999604,4.465809348,0.374281931,0.162731719,0.028954499,0.111043821,0.956642355
296,2468832.025,0,1.07848692,3.754275511,-0.553883903,8.558385245,0.714137914,0.677406803,1.430060177,0.407944008,0.316704446
297,2468832.025,0,1.07848692,3.754275511,-0.553883903,8.558385245,0.714137914,0.677406803,1.430060177,0.407944008,0.316704446
298,2333497.379,1.64041995,1.159241879,4.848617865,2.677999604,4.465809348,0.374281931,0.162731719,0.028954499,0.111043821,0.956642355
299,2333497.379,1.64041995,1.159241879,4.848617865,2.677999604,4.465809348,0.374281931,0.162731719,0.028954499,0.111043821,0.956642355
300,2333497.379,1.64041995,1.159241879,4.848617865,2.677999604,4.465809348,0.374281931,0.162731719,0.028954499,0.111043821,0.956642355
301,2333497.379,1.64041995,1.159241879,4.848617865,2.677999604,4.465809348,0.374281931,0.162731719,0.028954499,0.111043821,0.956642355
302,2333497.379,1.64041995,1.159241879,4.848617865,2.677999604,4.465809348,0.374281931,0.162731719,0.028954499,0.111043821,0.956642355
303,2333497.379,1.64041995,1.159241879,4.848617865,2.677999604,4.465809348,0.374281931,0.162731719,0.028954499,0.111043821,0.956642355
304,2333497.379,1.64041995,1.159241879,4.848617865,2.677999604,4.465809348,0.374281931,0.162731719,0.028954499,0.111043821,0.956642355
305,2333497.379,1.64041995,1.159241879,4.848617865,2.677999604,4.465809348,0.374281931,0.162731719,0.028954499,0.111043821,0.956642355
306,2333497.379,1.64041995,1.159241879,4.848617865,2.677999604,4.465809348,0.374281931,0.162731719,0.028954499,0.111043821,0.956642355
307,2333497.379,1.64041995,1.159241879,4.848617865,2.677999604,4.465809348,0.374281931,0.162731719,0.028954499,0.111043821,0.956642355
308,2333497.379,1.64041995,1.159241879,4.848617865,2.677999604,4.465809348,0.374281931,0.162731719,0.028954499,0.111043821,0.956642355
309,2333497.379,1.64041995,1.159241879,4.848617865,2.677999604,4.465809348,0.374281931,0.162731719,0.028954499,0.111043821,0.956642355
310,2333497.379,1.64041995,1.159241879,4.848617865,2.677999604,4.465809348,0.374281931,0.162731719,0.028954499,0.111043821,0.956642355
311,2333497.379,1.64041995,1.159241879,4.848617865,2.677999604,4.465809348,0.374281931,0.162731719,0.028954499,0.111043821,0.956642355
312,2333497.379,1.64041995,1.159241879,4.848617865,2.677999604,4.465809348,0.374281931,0.162731719,0.028954499,0.111043821,0.956642355
313,2333497.379,1.64041995,1.159241879,4.848617865,2.677999604,4.465809348,0.374281931,0.162731719,0.028954499,0.111043821,0.956642355
314,2333497.379,1.64041995,1.159241879,4.848617865,2.677999604,4.465809348,0.374281931,0.162731719,0.028954499,0.111043821,0.956642355
315,2333497.379,1.64041995,1.159241879,4.848617865,2.677999604,4.465809348,0.374281931,0.162731719,0.028954499,0.111043821,0.956642355
316,2333497.379,1.64041995,1.159241879,4.848617865,2.677999604,4.465809348,0.374281931,0.162731719,0.028954499,0.111043821,0.956642355
317,2333497.379,1.64041995,1.159241879,4.848617865,2.677999604,4.465809348,0.374281931,0.162731719,0.028954499,0.111043821,0.956642355
318,2333497.379,1.64041995,1.159241879,4.848617865,2.677999604,4.465809348,0.374281931,0.162731719,0.028954499,0.111043821,0.956642355
319,2333497.379,1.64041995,1.159241879,4.848617865,2.677999604,4.465809348,0.374281931,0.162731719,0.028954499,0.111043821,0.956642355
320,2333497.379,1.64041995,1.159241879,4.848617865,2.677999604,4.465809348,0.374281931,0.162731719,0.028954499,0.111043821,0.956642355
321,2333497.379,1.64041995,1.159241879,4.848617865,2.677999604,4.465809348,0.374281931,0.162731719,0.028954499,0.111043821,0.956642355
322,2333497.379,1.64041995,1.159241879,4.848617865,2.677999604,4.465809348,0.374281931,0.162731719,0.028954499,0.111043821,0.956642355
323,2333497.379,1.64041995,1.159241879,4.848617865,2.677999604,4.465809348,0.374281931,0.162731719,0.028954499,0.111043821,0.956642355
324,2333497.379,1.64041995,1.159241879,4.848617865,2.677999604,4.465809348,0.374281931,0.162731719,0.028954499,0.111043821,0.956642355
325,2333497.379,1.64041995,1.159241879,4.848617865,2.677999604,4.465809348,0.374281931,0.162731719,0.028954499,0.111043821,0.956642355
326,2333497.379,1.64041995,1.159241879,4.848617865,2.677999604,4.465809348,0.374281931,0.162731719,0.028954499,0.111043821,0.956642355
327,2333497.379,1.64041995,1.159241879,4.848617865,2.677999604,4.465809348,0.374281931,0.162731719,0.028954499,0.111043821,0.956642355
328,2333497.379,1.64041995,1.159241879,4.848617865,2.677999604,4.465809348,0.374281931,0.162731719,0.028954499,0.111043821,0.956642355
329,2333497.379,1.64041995,1.159241879,4.848617865,2.677999604,4.465809348,0.374281931,0.162731719,0.028954499,0.111043821,0.956642355
330,2333497.379,1.64041995,1.159241879,4.848617865,2.677999604,4.465809348,0.374281931,0.162731719,0.028954499,0.111043821,0.956642355
331,2333497.379,1.64041995,1.159241879,4.848617865,2.677999604,4.465809348,0.374281931,0.162731719,0.028954499,0.111043821,0.956642355
332,2333497.379,1.64041995,1.159241879,4.848617865,2.677999604,4.465809348,0.374281931,0.162731719,0.028954499,0.111043821,0.956642355
333,2333497.379,1.64041995,1.159241879,4.848617865,2.677999604,4.465809348,0.374281931,0.162731719,0.028954499,0.111043821,0.956642355
334,2333497.379,1.64041995,1.159241879,4.848617865,2.677999604,4.465809348,0.374281931,0.162731719,0.028954499,0.111043821,0.956642355
335,2333497.379,1.64041995,1.159241879,4.848617865,2.677999604,4.465809348,0.374281931,0.162731719,0.028954499,0.111043821,0.956642355
336,2333497.379,1.64041995,1.159241879,4.848617865,2.677999604,4.465809348,0.374281931,0.162731719,0.028954499,0.111043821,0.956642355
337,2333497.379,1.64041995,1.159241879,4.848617865,2.677999604,4.465809348,0.374281931,0.162731719,0.028954499,0.111043821,0.956642355
338,2333497.379,1.64041995,1.159241879,4.848617865,2.677999604,4.465809348,0.374281931,0.162731719,0.028954499,0.111043821,0.956642355
339,2333497.379,1.64041995,1.159241879,4.848617865,2.677999604,4.465809348,0.374281931,0.162731719,0.028954499,0.111043821,0.956642355
340,2333497.379,1.64041995,1.159241879,4.848617865,2.677999604,4.465809348,0.374281931,0.162731719,0.028954499,0.111043821,0.956642355
341,2333497.379,1.64041995,1.159241879,4.848617865,2.677999604,4.465809348,0.374281931,0.162731719,0.028954499,0.111043821,0.956642355
342,2333497.379,1.64041995,1.159241879,4.848617865,2.677999604,4.465809348,0.374281931,0.162731719,0.028954499,0.111043821,0.956642355
343,2333497.379,1.64041995,1.159241879,4.848617865,2.677999604,4.465809348,0.374281931,0.162731719,0.028954499,0.111043821,0.956642355
344,2333497.379,1.64041995,1.159241879,4.848617865,2.677999604,4.465809348,0.374281931,0.162731719,0.028954499,0.111043821,0.956642355
345,2333497.379,1.64041995,1.159241879,4.848617865,2.677999604,4.465809348,0.374281931,0.162731719,0.028954499,0.111043821,0.956642355
346,2333497.379,1.64041995,1.159241879,4.848617865,2.677999604,4.465809348,0.374281931,0.162731719,0.028954499,0.111043821,0.956642355
347,2604166.671,2.460629925,0.479452303,2.211009528,0.913398898,6.021399931,0.869763482,0.002572149,1.051343191,0.395429502,0.65990756
348,2604166.671,2.460629925,0.479452303,2.211009528,0.913398898,6.021399931,0.869763482,0.002572149,1.051343191,0.395429502,0.65990756
349,2604166.671,2.460629925,0.479452303,2.211009528,0.913398898,6.021399931,0.869763482,0.002572149,1.051343191,0.395429502,0.65990756
350,2604166.671,2.460629925,0.479452303,2.211009528,0.913398898,6.021399931,0.869763482,0.002572149,1.051343191,0.395429502,0.65990756
351,2604166.671,2.460629925,0.479452303,2.211009528,0.913398898,6.021399931,0.869763482,0.002572149,1.051343191,0.395429502,0.65990756
352,2604166.671,2.460629925,0.479452303,2.211009528,0.913398898,6.021399931,0.869763482,0.002572149,1.051343191,0.395429502,0.65990756
353,2604166.671,2.460629925,0.479452303,2.211009528,0.913398898,6.021399931,0.869763482,0.002572149,1.051343191,0.395429502,0.65990756
354,2604166.671,2.460629925,0.479452303,2.211009528,0.913398898,6.021399931,0.869763482,0.002572149,1.051343191,0.395429502,0.65990756
355,2604166.671,2.460629925,0.479452303,2.211009528,0.913398898,6.021399931,0.869763482,0.002572149,1.051343191,0.395429502,0.65990756
356,3280839.9,4.647856525,1.044498085,3.847635177,2.087474694,0.882892922,0.861202372,0.62320299,1.463299712,0.048812564,0.654227545
357,3280839.9,4.647856525,1.044498085,3.847635177,2.087474694,0.882892922,0.861202372,0.62320299,1.463299712,0.048812564,0.654227545
358,3280839.9,4.647856525,1.044498085,3.847635177,2.087474694,0.882892922,0.861202372,0.62320299,1.463299712,0.048812564,0.654227545
359,3280839.9,4.647856525,1.044498085,3.847635177,2.087474694,0.882892922,0.861202372,0.62320299,1.463299712,0.048812564,0.654227545
360,3280839.9,4.647856525,1.044498085,3.847635177,2.087474694,0.882892922,0.861202372,0.62320299,1.463299712,0.048812564,0.654227545
361,3280839.9,4.647856525,1.044498085,3.847635177,2.087474694,0.882892922,0.861202372,0.62320299,1.463299712,0.048812564,0.654227545
362,3280839.9,4.647856525,1.044498085,3.847635177,2.087474694,0.882892922,0.861202372,0.62320299,1.463299712,0.048812564,0.654227545
363,3280839.9,4.647856525,1.044498085,3.847635177,2.087474694,0.882892922,0.861202372,0.62320299,1.463299712,0.048812564,0.654227545
364,2874835.962,0.273403325,1.400086386,4.118784909,8.193268028,6.3973244,0.776384564,0.010776773,1.400617745,0.17029044,0.332287595
365,2874835.962,0.273403325,1.400086386,4.118784909,8.193268028,6.3973244,0.776384564,0.010776773,1.400617745,0.17029044,0.332287595
366,2874835.962,0.273403325,1.400086386,4.118784909,8.193268028,6.3973244,0.776384564,0.010776773,1.400617745,0.17029044,0.332287595
367,2874835.962,0.273403325,1.400086386,4.118784909,8.193268028,6.3973244,0.776384564,0.010776773,1.400617745,0.17029044,0.332287595
368,2874835.962,0.273403325,1.400086386,4.118784909,8.193268028,6.3973244,0.776384564,0.010776773,1.400617745,0.17029044,0.332287595
369,3280839.9,4.647856525,1.044498085,3.847635177,2.087474694,0.882892922,0.861202372,0.62320299,1.463299712,0.048812564,0.654227545
370,3280839.9,4.647856525,1.044498085,3.847635177,2.087474694,0.882892922,0.861202372,0.62320299,1.463299712,0.048812564,0.654227545
371,3280839.9,4.647856525,1.044498085,3.847635177,2.087474694,0.882892922,0.861202372,0.62320299,1.463299712,0.048812564,0.654227545
372,3280839.9,4.647856525,1.044498085,3.847635177,2.087474694,0.882892922,0.861202372,0.62320299,1.463299712,0.048812564,0.654227545
373,3280839.9,4.647856525,1.044498085,3.847635177,2.087474694,0.882892922,0.861202372,0.62320299,1.463299712,0.048812564,0.654227545
374,3280839.9,4.647856525,1.044498085,3.847635177,2.087474694,0.882892922,0.861202372,0.62320299,1.463299712,0.048812564,0.654227545
375,3280839.9,4.647856525,1.044498085,3.847635177,2.087474694,0.882892922,0.861202372,0.62320299,1.463299712,0.048812564,0.654227545
376,3280839.9,4.647856525,1.044498085,3.847635177,2.087474694,0.882892922,0.861202372,0.62320299,1.463299712,0.048812564,0.654227545
377,3280839.9,4.647856525,1.044498085,3.847635177,2.087474694,0.882892922,0.861202372,0.62320299,1.463299712,0.048812564,0.654227545
378,3280839.9,4.647856525,1.044498085,3.847635177,2.087474694,0.882892922,0.861202372,0.62320299,1.463299712,0.048812564,0.654227545
379,3280839.9,4.647856525,1.044498085,3.847635177,2.087474694,0.882892922,0.861202372,0.62320299,1.463299712,0.048812564,0.654227545
380,3280839.9,4.647856525,1.044498085,3.847635177,2.087474694,0.882892922,0.861202372,0.62320299,1.463299712,0.048812564,0.654227545
381,3280839.9,4.647856525,1.044498085,3.847635177,2.087474694,0.882892922,0.861202372,0.62320299,1.463299712,0.048812564,0.654227545
382,3280839.9,4.647856525,1.044498085,3.847635177,2.087474694,0.882892922,0.861202372,0.62320299,1.463299712,0.048812564,0.654227545
383,3280839.9,4.647856525,1.044498085,3.847635177,2.087474694,0.882892922,0.861202372,0.62320299,1.463299712,0.048812564,0.654227545
384,3280839.9,4.647856525,1.044498085,3.847635177,2.087474694,0.882892922,0.861202372,0.62320299,1.463299712,0.048812564,0.654227545
385,3280839.9,4.647856525,1.044498085,3.847635177,2.087474694,0.882892922,0.861202372,0.62320299,1.463299712,0.048812564,0.654227545
386,3280839.9,4.647856525,1.044498085,3.847635177,2.087474694,0.882892922,0.861202372,0.62320299,1.463299712,0.048812564,0.654227545
387,3280839.9,4.647856525,1.044498085,3.847635177,2.087474694,0.882892922,0.861202372,0.62320299,1.463299712,0.048812564,0.654227545
388,3280839.9,4.647856525,1.044498085,3.847635177,2.087474694,0.882892922,0.861202372,0.62320299,1.463299712,0.048812564,0.654227545
389,3280839.9,4.647856525,1.044498085,3.847635177,2.087474694,0.882892922,0.861202372,0.62320299,1.463299712,0.048812564,0.654227545
390,3280839.9,4.647856525,1.044498085,3.847635177,2.087474694,0.882892922,0.861202372,0.62320299,1.463299712,0.048812564,0.654227545
391,2468832.025,1.913823275,1.631902472,2.286794855,7.54604836,5.891614513,0.808695578,0.634487165,0.513893404,0.375354781,0.796385087
392,2468832.025,1.913823275,1.631902472,2.286794855,7.54604836,5.891614513,0.808695578,0.634487165,0.513893404,0.375354781,0.796385087
393,2468832.025,1.913823275,1.631902472,2.286794855,7.54604836,5.891614513,0.808695578,0.634487165,0.513893404,0.375354781,0.796385087
394,2468832.025,1.913823275,1.631902472,2.286794855,7.54604836,5.891614513,0.808695578,0.634487165,0.513893404,0.375354781,0.796385087
395,2468832.025,1.913823275,1.631902472,2.286794855,7.54604836,5.891614513,0.808695578,0.634487165,0.513893404,0.375354781,0.796385087
396,2468832.025,1.913823275,1.631902472,2.286794855,7.54604836,5.891614513,0.808695578,0.634487165,0.513893404,0.375354781,0.796385087
397,2468832.025,1.913823275,1.631902472,2.286794855,7.54604836,5.891614513,0.808695578,0.634487165,0.513893404,0.375354781,0.796385087
398,2468832.025,1.913823275,1.631902472,2.286794855,7.54604836,5.891614513,0.808695578,0.634487165,0.513893404,0.375354781,0.796385087
399,2468832.025,1.913823275,1.631902472,2.286794855,7.54604836,5.891614513,0.808695578,0.634487165,0.513893404,0.375354781,0.796385087
400,2468832.025,1.913823275,1.631902472,2.286794855,7.54604836,5.891614513,0.808695578,0.634487165,0.513893404,0.375354781,0.796385087
401,2062828.087,3.007436575,1.193501175,4.718812618,5.905799003,5.343898642,0.973505125,0.105182221,1.542078429,0.149538282,0.583826026
402,2062828.087,3.007436575,1.193501175,4.718812618,5.905799003,5.343898642,0.973505125,0.105182221,1.542078429,0.149538282,0.583826026
403,2062828.087,3.007436575,1.193501175,4.718812618,5.905799003,5.343898642,0.973505125,0.105182221,1.542078429,0.149538282,0.583826026
404,3280839.9,0.273403325,1.632448506,2.30067857,-0.196301512,5.768696048,0.613442724,0.703674651,0.036882921,0.031742279,0.604428869
405,3280839.9,0.273403325,1.632448506,2.30067857,-0.196301512,5.768696048,0.613442724,0.703674651,0.036882921,0.031742279,0.604428869
406,3280839.9,0.273403325,1.632448506,2.30067857,-0.196301512,5.768696048,0.613442724,0.703674651,0.036882921,0.031742279,0.604428869
407,3280839.9,0.273403325,1.632448506,2.30067857,-0.196301512,5.768696048,0.613442724,0.703674651,0.036882921,0.031742279,0.604428869
408,3280839.9,0.273403325,1.632448506,2.30067857,-0.196301512,5.768696048,0.613442724,0.703674651,0.036882921,0.031742279,0.604428869
409,3280839.9,0.273403325,1.632448506,2.30067857,-0.196301512,5.768696048,0.613442724,0.703674651,0.036882921,0.031742279,0.604428869
410,3010170.608,0,1.26632779,3.714529114,-2.52685839,7.162506063,0.321954549,0.615578793,1.392827653,0.902371629,0.727731509
411,3010170.608,0,1.26632779,3.714529114,-2.52685839,7.162506063,0.321954549,0.615578793,1.392827653,0.902371629,0.727731509
412,3010170.608,0,1.26632779,3.714529114,-2.52685839,7.162506063,0.321954549,0.615578793,1.392827653,0.902371629,0.727731509
413,3010170.608,0,1.26632779,3.714529114,-2.52685839,7.162506063,0.321954549,0.615578793,1.392827653,0.902371629,0.727731509
414,3010170.608,0,1.26632779,3.714529114,-2.52685839,7.162506063,0.321954549,0.615578793,1.392827653,0.902371629,0.727731509
415,3010170.608,0,1.26632779,3.714529114,-2.52685839,7.162506063,0.321954549,0.615578793,1.392827653,0.902371629,0.727731509
416,3010170.608,0,1.26632779,3.714529114,-2.52685839,7.162506063,0.321954549,0.615578793,1.392827653,0.902371629,0.727731509
417,3010170.608,0,1.26632779,3.714529114,-2.52685839,7.162506063,0.321954549,0.615578793,1.392827653,0.902371629,0.727731509
418,3010170.608,0,1.26632779,3.714529114,-2.52685839,7.162506063,0.321954549,0.615578793,1.392827653,0.902371629,0.727731509
419,3010170.608,0,1.26632779,3.714529114,-2.52685839,7.162506063,0.321954549,0.615578793,1.392827653,0.902371629,0.727731509
420,3010170.608,0,1.26632779,3.714529114,-2.52685839,7.162506063,0.321954549,0.615578793,1.392827653,0.902371629,0.727731509
421,3010170.608,0,1.26632779,3.714529114,-2.52685839,7.162506063,0.321954549,0.615578793,1.392827653,0.902371629,0.727731509
422,3010170.608,0,1.26632779,3.714529114,-2.52685839,7.162506063,0.321954549,0.615578793,1.392827653,0.902371629,0.727731509
423,3010170.608,0,1.26632779,3.714529114,-2.52685839,7.162506063,0.321954549,0.615578793,1.392827653,0.902371629,0.727731509
424,3010170.608,0,1.26632779,3.714529114,-2.52685839,7.162506063,0.321954549,0.615578793,1.392827653,0.902371629,0.727731509
425,3010170.608,0,1.26632779,3.714529114,-2.52685839,7.162506063,0.321954549,0.615578793,1.392827653,0.902371629,0.727731509
426,3010170.608,0,1.26632779,3.714529114,-2.52685839,7.162506063,0.321954549,0.615578793,1.392827653,0.902371629,0.727731509
427,3010170.608,0,1.26632779,3.714529114,-2.52685839,7.162506063,0.321954549,0.615578793,1.392827653,0.902371629,0.727731509
428,3010170.608,0,1.26632779,3.714529114,-2.52685839,7.162506063,0.321954549,0.615578793,1.392827653,0.902371629,0.727731509
429,3010170.608,0,1.26632779,3.714529114,-2.52685839,7.162506063,0.321954549,0.615578793,1.392827653,0.902371629,0.727731509
430,3010170.608,0,1.26632779,3.714529114,-2.52685839,7.162506063,0.321954549,0.615578793,1.392827653,0.902371629,0.727731509
431,3010170.608,0,1.26632779,3.714529114,-2.52685839,7.162506063,0.321954549,0.615578793,1.392827653,0.902371629,0.727731509
432,3010170.608,0,1.26632779,3.714529114,-2.52685839,7.162506063,0.321954549,0.615578793,1.392827653,0.902371629,0.727731509
433,3010170.608,0,1.26632779,3.714529114,-2.52685839,7.162506063,0.321954549,0.615578793,1.392827653,0.902371629,0.727731509
434,3010170.608,0,1.26632779,3.714529114,-2.52685839,7.162506063,0.321954549,0.615578793,1.392827653,0.902371629,0.727731509
435,3010170.608,0,1.26632779,3.714529114,-2.52685839,7.162506063,0.321954549,0.615578793,1.392827653,0.902371629,0.727731509
436,3010170.608,0,1.26632779,3.714529114,-2.52685839,7.162506063,0.321954549,0.615578793,1.392827653,0.902371629,0.727731509
437,3010170.608,0,1.26632779,3.714529114,-2.52685839,7.162506063,0.321954549,0.615578793,1.392827653,0.902371629,0.727731509
438,3010170.608,0,1.26632779,3.714529114,-2.52685839,7.162506063,0.321954549,0.615578793,1.392827653,0.902371629,0.727731509
439,3010170.608,0,1.26632779,3.714529114,-2.52685839,7.162506063,0.321954549,0.615578793,1.392827653,0.902371629,0.727731509
440,3010170.608,0,1.26632779,3.714529114,-2.52685839,7.162506063,0.321954549,0.615578793,1.392827653,0.902371629,0.727731509
441,3010170.608,0,1.26632779,3.714529114,-2.52685839,7.162506063,0.321954549,0.615578793,1.392827653,0.902371629,0.727731509
442,3010170.608,0,1.26632779,3.714529114,-2.52685839,7.162506063,0.321954549,0.615578793,1.392827653,0.902371629,0.727731509
443,3010170.608,0,1.26632779,3.714529114,-2.52685839,7.162506063,0.321954549,0.615578793,1.392827653,0.902371629,0.727731509
444,3010170.608,0,1.26632779,3.714529114,-2.52685839,7.162506063,0.321954549,0.615578793,1.392827653,0.902371629,0.727731509
445,3010170.608,0,1.26632779,3.714529114,-2.52685839,7.162506063,0.321954549,0.615578793,1.392827653,0.902371629,0.727731509
446,3010170.608,0,1.26632779,3.714529114,-2.52685839,7.162506063,0.321954549,0.615578793,1.392827653,0.902371629,0.727731509
447,3010170.608,0,1.26632779,3.714529114,-2.52685839,7.162506063,0.321954549,0.615578793,1.392827653,0.902371629,0.727731509
448,3010170.608,0,1.26632779,3.714529114,-2.52685839,7.162506063,0.321954549,0.615578793,1.392827653,0.902371629,0.727731509
449,3010170.608,0,1.26632779,3.714529114,-2.52685839,7.162506063,0.321954549,0.615578793,1.392827653,0.902371629,0.727731509
450,3010170.608,0,1.26632779,3.714529114,-2.52685839,7.162506063,0.321954549,0.615578793,1.392827653,0.902371629,0.727731509
451,3010170.608,0,1.26632779,3.714529114,-2.52685839,7.162506063,0.321954549,0.615578793,1.392827653,0.902371629,0.727731509
452,3010170.608,0,1.26632779,3.714529114,-2.52685839,7.162506063,0.321954549,0.615578793,1.392827653,0.902371629,0.727731509
453,3010170.608,0,1.26632779,3.714529114,-2.52685839,7.162506063,0.321954549,0.615578793,1.392827653,0.902371629,0.727731509
454,3010170.608,0,1.26632779,3.714529114,-2.52685839,7.162506063,0.321954549,0.615578793,1.392827653,0.902371629,0.727731509
455,3010170.608,0,1.26632779,3.714529114,-2.52685839,7.162506063,0.321954549,0.615578793,1.392827653,0.902371629,0.727731509
456,3010170.608,0,1.26632779,3.714529114,-2.52685839,7.162506063,0.321954549,0.615578793,1.392827653,0.902371629,0.727731509
457,3010170.608,0,1.26632779,3.714529114,-2.52685839,7.162506063,0.321954549,0.615578793,1.392827653,0.902371629,0.727731509
458,3010170.608,0,1.26632779,3.714529114,-2.52685839,7.162506063,0.321954549,0.615578793,1.392827653,0.902371629,0.727731509
459,3010170.608,0,1.26632779,3.714529114,-2.52685839,7.162506063,0.321954549,0.615578793,1.392827653,0.902371629,0.727731509
460,3010170.608,0,1.26632779,3.714529114,-2.52685839,7.162506063,0.321954549,0.615578793,1.392827653,0.902371629,0.727731509
461,3010170.608,0,1.26632779,3.714529114,-2.52685839,7.162506063,0.321954549,0.615578793,1.392827653,0.902371629,0.727731509
462,3010170.608,0,1.26632779,3.714529114,-2.52685839,7.162506063,0.321954549,0.615578793,1.392827653,0.902371629,0.727731509
463,3010170.608,0,1.26632779,3.714529114,-2.52685839,7.162506063,0.321954549,0.615578793,1.392827653,0.902371629,0.727731509
464,3010170.608,0,1.26632779,3.714529114,-2.52685839,7.162506063,0.321954549,0.615578793,1.392827653,0.902371629,0.727731509
465,3010170.608,0,1.26632779,3.714529114,-2.52685839,7.162506063,0.321954549,0.615578793,1.392827653,0.902371629,0.727731509
466,3010170.608,0,1.26632779,3.714529114,-2.52685839,7.162506063,0.321954549,0.615578793,1.392827653,0.902371629,0.727731509
467,3010170.608,0,1.26632779,3.714529114,-2.52685839,7.162506063,0.321954549,0.615578793,1.392827653,0.902371629,0.727731509
468,3010170.608,0,1.26632779,3.714529114,-2.52685839,7.162506063,0.321954549,0.615578793,1.392827653,0.902371629,0.727731509
469,3010170.608,0,1.26632779,3.714529114,-2.52685839,7.162506063,0.321954549,0.615578793,1.392827653,0.902371629,0.727731509
470,3010170.608,0,1.26632779,3.714529114,-2.52685839,7.162506063,0.321954549,0.615578793,1.392827653,0.902371629,0.727731509
471,3010170.608,0,1.26632779,3.714529114,-2.52685839,7.162506063,0.321954549,0.615578793,1.392827653,0.902371629,0.727731509
472,3010170.608,0,1.26632779,3.714529114,-2.52685839,7.162506063,0.321954549,0.615578793,1.392827653,0.902371629,0.727731509
473,3010170.608,0,1.26632779,3.714529114,-2.52685839,7.162506063,0.321954549,0.615578793,1.392827653,0.902371629,0.727731509
474,3010170.608,0,1.26632779,3.714529114,-2.52685839,7.162506063,0.321954549,0.615578793,1.392827653,0.902371629,0.727731509
475,3010170.608,0,1.26632779,3.714529114,-2.52685839,7.162506063,0.321954549,0.615578793,1.392827653,0.902371629,0.727731509
476,3010170.608,0,1.26632779,3.714529114,-2.52685839,7.162506063,0.321954549,0.615578793,1.392827653,0.902371629,0.727731509
477,3010170.608,0,1.26632779,3.714529114,-2.52685839,7.162506063,0.321954549,0.615578793,1.392827653,0.902371629,0.727731509
478,3010170.608,0,1.26632779,3.714529114,-2.52685839,7.162506063,0.321954549,0.615578793,1.392827653,0.902371629,0.727731509
479,3010170.608,0,1.26632779,3.714529114,-2.52685839,7.162506063,0.321954549,0.615578793,1.392827653,0.902371629,0.727731509
480,3010170.608,0,1.26632779,3.714529114,-2.52685839,7.162506063,0.321954549,0.615578793,1.392827653,0.902371629,0.727731509
481,3010170.608,0,1.26632779,3.714529114,-2.52685839,7.162506063,0.321954549,0.615578793,1.392827653,0.902371629,0.727731509
482,3010170.608,0,1.26632779,3.714529114,-2.52685839,7.162506063,0.321954549,0.615578793,1.392827653,0.902371629,0.727731509
483,3010170.608,0,1.26632779,3.714529114,-2.52685839,7.162506063,0.321954549,0.615578793,1.392827653,0.902371629,0.727731509
484,3010170.608,0,1.26632779,3.714529114,-2.52685839,7.162506063,0.321954549,0.615578793,1.392827653,0.902371629,0.727731509
485,3010170.608,0,1.26632779,3.714529114,-2.52685839,7.162506063,0.321954549,0.615578793,1.392827653,0.902371629,0.727731509
486,3010170.608,0,1.26632779,3.714529114,-2.52685839,7.162506063,0.321954549,0.615578793,1.392827653,0.902371629,0.727731509
487,3010170.608,0,1.26632779,3.714529114,-2.52685839,7.162506063,0.321954549,0.615578793,1.392827653,0.902371629,0.727731509
488,3010170.608,0,1.26632779,3.714529114,-2.52685839,7.162506063,0.321954549,0.615578793,1.392827653,0.902371629,0.727731509
489,3010170.608,0,1.26632779,3.714529114,-2.52685839,7.162506063,0.321954549,0.615578793,1.392827653,0.902371629,0.727731509
490,3010170.608,0,1.26632779,3.714529114,-2.52685839,7.162506063,0.321954549,0.615578793,1.392827653,0.902371629,0.727731509
491,3010170.608,0,1.26632779,3.714529114,-2.52685839,7.162506063,0.321954549,0.615578793,1.392827653,0.902371629,0.727731509
492,3010170.608,0,1.26632779,3.714529114,-2.52685839,7.162506063,0.321954549,0.615578793,1.392827653,0.902371629,0.727731509
493,3010170.608,0,1.26632779,3.714529114,-2.52685839,7.162506063,0.321954549,0.615578793,1.392827653,0.902371629,0.727731509
494,3010170.608,0,1.26632779,3.714529114,-2.52685839,7.162506063,0.321954549,0.615578793,1.392827653,0.902371629,0.727731509
495,3010170.608,0,1.26632779,3.714529114,-2.52685839,7.162506063,0.321954549,0.615578793,1.392827653,0.902371629,0.727731509
496,3010170.608,0,1.26632779,3.714529114,-2.52685839,7.162506063,0.321954549,0.615578793,1.392827653,0.902371629,0.727731509
497,3010170.608,0,1.26632779,3.714529114,-2.52685839,7.162506063,0.321954549,0.615578793,1.392827653,0.902371629,0.727731509
498,3010170.608,0,1.26632779,3.714529114,-2.52685839,7.162506063,0.321954549,0.615578793,1.392827653,0.902371629,0.727731509
499,3010170.608,0,1.26632779,3.714529114,-2.52685839,7.162506063,0.321954549,0.615578793,1.392827653,0.902371629,0.727731509
500,3010170.608,0,1.26632779,3.714529114,-2.52685839,7.162506063,0.321954549,0.615578793,1.392827653,0.902371629,0.727731509
501,2333497.379,1.64041995,1.159241879,4.848617865,2.677999604,4.465809348,0.374281931,0.162731719,0.028954499,0.111043821,0.956642355
502,2333497.379,1.64041995,1.159241879,4.848617865,2.677999604,4.465809348,0.374281931,0.162731719,0.028954499,0.111043821,0.956642355
503,2333497.379,1.64041995,1.159241879,4.848617865,2.677999604,4.465809348,0.374281931,0.162731719,0.028954499,0.111043821,0.956642355
504,2333497.379,1.64041995,1.159241879,4.848617865,2.677999604,4.465809348,0.374281931,0.162731719,0.028954499,0.111043821,0.956642355
505,2333497.379,1.64041995,1.159241879,4.848617865,2.677999604,4.465809348,0.374281931,0.162731719,0.028954499,0.111043821,0.956642355
506,2333497.379,1.64041995,1.159241879,4.848617865,2.677999604,4.465809348,0.374281931,0.162731719,0.028954499,0.111043821,0.956642355
507,2333497.379,1.64041995,1.159241879,4.848617865,2.677999604,4.465809348,0.374281931,0.162731719,0.028954499,0.111043821,0.956642355
508,2333497.379,1.64041995,1.159241879,4.848617865,2.677999604,4.465809348,0.374281931,0.162731719,0.028954499,0.111043821,0.956642355
509,2333497.379,1.64041995,1.159241879,4.848617865,2.677999604,4.465809348,0.374281931,0.162731719,0.028954499,0.111043821,0.956642355
510,2468832.025,0,1.07848692,3.754275511,-0.553883903,8.558385245,0.714137914,0.677406803,1.430060177,0.407944008,0.316704446
511,2468832.025,0,1.07848692,3.754275511,-0.553883903,8.558385245,0.714137914,0.677406803,1.430060177,0.407944008,0.316704446
512,3010170.608,0,1.26632779,3.714529114,-2.52685839,7.162506063,0.321954549,0.615578793,1.392827653,0.902371629,0.727731509
513,3010170.608,0,1.26632779,3.714529114,-2.52685839,7.162506063,0.321954549,0.615578793,1.392827653,0.902371629,0.727731509
514,3010170.608,0,1.26632779,3.714529114,-2.52685839,7.162506063,0.321954549,0.615578793,1.392827653,0.902371629,0.727731509
515,3010170.608,0,1.26632779,3.714529114,-2.52685839,7.162506063,0.321954549,0.615578793,1.392827653,0.902371629,0.727731509
516,3010170.608,0,1.26632779,3.714529114,-2.52685839,7.162506063,0.321954549,0.615578793,1.392827653,0.902371629,0.727731509
517,3010170.608,0,1.26632779,3.714529114,-2.52685839,7.162506063,0.321954549,0.615578793,1.392827653,0.902371629,0.727731509
518,2468832.025,1.913823275,1.631902472,2.286794855,7.54604836,5.891614513,0.808695578,0.634487165,0.513893404,0.375354781,0.796385087
519,2468832.025,1.913823275,1.631902472,2.286794855,7.54604836,5.891614513,0.808695578,0.634487165,0.513893404,0.375354781,0.796385087
520,2468832.025,1.913823275,1.631902472,2.286794855,7.54604836,5.891614513,0.808695578,0.634487165,0.513893404,0.375354781,0.796385087
521,2468832.025,1.913823275,1.631902472,2.286794855,7.54604836,5.891614513,0.808695578,0.634487165,0.513893404,0.375354781,0.796385087
801,2468832.025,0,1.07848692,3.754275511,-0.553883903,8.558385245,0.714137914,0.677406803,1.430060177,0.407944008,0.316704446
802,2468832.025,0,1.07848692,3.754275511,-0.553883903,8.558385245,0.714137914,0.677406803,1.430060177,0.407944008,0.316704446
803,2468832.025,0,1.07848692,3.754275511,-0.553883903,8.558385245,0.714137914,0.677406803,1.430060177,0.407944008,0.316704446
804,2468832.025,0,1.07848692,3.754275511,-0.553883903,8.558385245,0.714137914,0.677406803,1.430060177,0.407944008,0.316704446
805,3280839.9,4.647856525,1.044498085,3.847635177,2.087474694,0.882892922,0.861202372,0.62320299,1.463299712,0.048812564,0.654227545
806,2468832.025,0,1.07848692,3.754275511,-0.553883903,8.558385245,0.714137914,0.677406803,1.430060177,0.407944008,0.316704446
