"","TagID","RelGrp","DetDatetime","Visit","ArrayID"
"1",1153677,1,2013-03-06 15:07:00,1,"Rel"
"2",1153680,1,2013-03-06 15:07:00,1,"Rel"
"3",1153683,1,2013-03-06 15:07:00,1,"Rel"
"4",1153678,1,2013-03-06 15:07:00,1,"Rel"
"5",1153684,1,2013-03-06 15:07:00,1,"Rel"
"6",1153681,1,2013-03-06 15:07:00,1,"Rel"
"7",1153679,1,2013-03-06 15:07:00,1,"Rel"
"8",1153682,1,2013-03-06 15:07:00,1,"Rel"
"9",1153685,1,2013-03-06 15:07:00,1,"Rel"
"10",1153657,1,2013-03-06 15:07:00,1,"Rel"
"11",1153658,1,2013-03-06 15:07:00,1,"Rel"
"12",1153659,1,2013-03-06 15:07:00,1,"Rel"
"13",1153687,1,2013-03-06 15:06:00,1,"Rel"
"14",1153690,1,2013-03-06 15:06:00,1,"Rel"
"15",1153693,1,2013-03-06 15:06:00,1,"Rel"
"16",1153688,1,2013-03-06 15:06:00,1,"Rel"
"17",1153691,1,2013-03-06 15:06:00,1,"Rel"
"18",1153694,1,2013-03-06 15:06:00,1,"Rel"
"19",1153689,1,2013-03-06 15:06:00,1,"Rel"
"20",1153692,1,2013-03-06 15:06:00,1,"Rel"
"21",1153695,1,2013-03-06 15:06:00,1,"Rel"
"22",1153660,1,2013-03-06 15:06:00,1,"Rel"
"23",1153662,1,2013-03-06 15:06:00,1,"Rel"
"24",1154188,1,2013-03-06 15:06:00,1,"Rel"
"25",1153697,1,2013-03-06 19:01:00,1,"Rel"
"26",1153700,1,2013-03-06 19:01:00,1,"Rel"
"27",1153703,1,2013-03-06 19:01:00,1,"Rel"
"28",1153698,1,2013-03-06 19:01:00,1,"Rel"
"29",1153701,1,2013-03-06 19:01:00,1,"Rel"
"30",1153704,1,2013-03-06 19:01:00,1,"Rel"
"31",1153699,1,2013-03-06 19:01:00,1,"Rel"
"32",1153702,1,2013-03-06 19:01:00,1,"Rel"
"33",1153705,1,2013-03-06 19:01:00,1,"Rel"
"34",1153663,1,2013-03-06 19:01:00,1,"Rel"
"35",1153664,1,2013-03-06 19:01:00,1,"Rel"
"36",1153665,1,2013-03-06 19:01:00,1,"Rel"
"37",1153707,1,2013-03-06 19:01:00,1,"Rel"
"38",1153710,1,2013-03-06 19:01:00,1,"Rel"
"39",1153713,1,2013-03-06 19:01:00,1,"Rel"
"40",1153708,1,2013-03-06 19:01:00,1,"Rel"
"41",1153711,1,2013-03-06 19:01:00,1,"Rel"
"42",1153714,1,2013-03-06 19:01:00,1,"Rel"
"43",1153709,1,2013-03-06 19:01:00,1,"Rel"
"44",1153712,1,2013-03-06 19:01:00,1,"Rel"
"45",1153715,1,2013-03-06 19:01:00,1,"Rel"
"46",1153667,1,2013-03-06 19:01:00,1,"Rel"
"47",1153668,1,2013-03-06 19:01:00,1,"Rel"
"48",1153669,1,2013-03-06 19:01:00,1,"Rel"
"49",1153670,1,2013-03-06 19:00:00,1,"Rel"
"50",1153673,1,2013-03-06 19:00:00,1,"Rel"
"51",1153671,1,2013-03-06 19:00:00,1,"Rel"
"52",1153672,1,2013-03-06 19:00:00,1,"Rel"
"53",1153675,1,2013-03-06 19:00:00,1,"Rel"
"54",1154189,1,2013-03-06 19:00:00,1,"Rel"
"55",1153730,1,2013-03-06 19:00:00,1,"Rel"
"56",1153733,1,2013-03-06 19:00:00,1,"Rel"
"57",1153731,1,2013-03-06 19:00:00,1,"Rel"
"58",1153734,1,2013-03-06 19:00:00,1,"Rel"
"59",1153719,1,2013-03-06 19:00:00,1,"Rel"
"60",1153722,1,2013-03-06 19:00:00,1,"Rel"
"61",1153737,1,2013-03-06 23:03:00,1,"Rel"
"62",1153740,1,2013-03-06 23:03:00,1,"Rel"
"63",1153743,1,2013-03-06 23:03:00,1,"Rel"
"64",1153741,1,2013-03-06 23:03:00,1,"Rel"
"65",1153744,1,2013-03-06 23:03:00,1,"Rel"
"66",1154186,1,2013-03-06 23:03:00,1,"Rel"
"67",1153735,1,2013-03-06 23:03:00,1,"Rel"
"68",1153742,1,2013-03-06 23:03:00,1,"Rel"
"69",1153745,1,2013-03-06 23:03:00,1,"Rel"
"70",1153717,1,2013-03-06 23:03:00,1,"Rel"
"71",1153718,1,2013-03-06 23:03:00,1,"Rel"
"72",1153725,1,2013-03-06 23:03:00,1,"Rel"
"73",1153747,1,2013-03-06 23:02:00,1,"Rel"
"74",1153750,1,2013-03-06 23:02:00,1,"Rel"
"75",1154190,1,2013-03-06 23:02:00,1,"Rel"
"76",1153748,1,2013-03-06 23:02:00,1,"Rel"
"77",1153751,1,2013-03-06 23:02:00,1,"Rel"
"78",1153754,1,2013-03-06 23:02:00,1,"Rel"
"79",1153749,1,2013-03-06 23:02:00,1,"Rel"
"80",1153752,1,2013-03-06 23:02:00,1,"Rel"
"81",1153755,1,2013-03-06 23:02:00,1,"Rel"
"82",1153720,1,2013-03-06 23:02:00,1,"Rel"
"83",1153721,1,2013-03-06 23:02:00,1,"Rel"
"84",1153729,1,2013-03-06 23:02:00,1,"Rel"
"85",1153753,1,2013-03-07 03:00:00,1,"Rel"
"86",1153757,1,2013-03-07 03:00:00,1,"Rel"
"87",1154187,1,2013-03-07 03:00:00,1,"Rel"
"88",1153758,1,2013-03-07 03:00:00,1,"Rel"
"89",1153761,1,2013-03-07 03:00:00,1,"Rel"
"90",1153764,1,2013-03-07 03:00:00,1,"Rel"
"91",1153762,1,2013-03-07 03:00:00,1,"Rel"
"92",1153765,1,2013-03-07 03:00:00,1,"Rel"
"93",1154183,1,2013-03-07 03:00:00,1,"Rel"
"94",1153723,1,2013-03-07 03:00:00,1,"Rel"
"95",1153724,1,2013-03-07 03:00:00,1,"Rel"
"96",1154184,1,2013-03-07 03:00:00,1,"Rel"
"97",1153763,1,2013-03-07 03:00:00,1,"Rel"
"98",1153767,1,2013-03-07 03:00:00,1,"Rel"
"99",1153770,1,2013-03-07 03:00:00,1,"Rel"
"100",1153768,1,2013-03-07 03:00:00,1,"Rel"
"101",1153771,1,2013-03-07 03:00:00,1,"Rel"
"102",1153774,1,2013-03-07 03:00:00,1,"Rel"
"103",1153769,1,2013-03-07 03:00:00,1,"Rel"
"104",1153772,1,2013-03-07 03:00:00,1,"Rel"
"105",1153775,1,2013-03-07 03:00:00,1,"Rel"
"106",1153727,1,2013-03-07 03:00:00,1,"Rel"
"107",1153728,1,2013-03-07 03:00:00,1,"Rel"
"108",1153739,1,2013-03-07 03:00:00,1,"Rel"
"109",1153793,1,2013-03-07 07:01:00,1,"Rel"
"110",1153797,1,2013-03-07 07:01:00,1,"Rel"
"111",1153800,1,2013-03-07 07:01:00,1,"Rel"
"112",1153798,1,2013-03-07 07:01:00,1,"Rel"
"113",1153801,1,2013-03-07 07:01:00,1,"Rel"
"114",1153804,1,2013-03-07 07:01:00,1,"Rel"
"115",1153799,1,2013-03-07 07:01:00,1,"Rel"
"116",1153802,1,2013-03-07 07:01:00,1,"Rel"
"117",1153805,1,2013-03-07 07:01:00,1,"Rel"
"118",1153773,1,2013-03-07 07:01:00,1,"Rel"
"119",1153778,1,2013-03-07 07:01:00,1,"Rel"
"120",1153779,1,2013-03-07 07:01:00,1,"Rel"
"121",1153803,1,2013-03-07 07:01:00,1,"Rel"
"122",1153807,1,2013-03-07 07:01:00,1,"Rel"
"123",1153810,1,2013-03-07 07:01:00,1,"Rel"
"124",1153808,1,2013-03-07 07:01:00,1,"Rel"
"125",1153811,1,2013-03-07 07:01:00,1,"Rel"
"126",1153814,1,2013-03-07 07:01:00,1,"Rel"
"127",1153795,1,2013-03-07 07:01:00,1,"Rel"
"128",1153812,1,2013-03-07 07:01:00,1,"Rel"
"129",1153815,1,2013-03-07 07:01:00,1,"Rel"
"130",1153777,1,2013-03-07 07:01:00,1,"Rel"
"131",1153781,1,2013-03-07 07:01:00,1,"Rel"
"132",1153782,1,2013-03-07 07:01:00,1,"Rel"
"133",1153813,1,2013-03-07 07:01:00,1,"Rel"
"134",1153817,1,2013-03-07 07:01:00,1,"Rel"
"135",1153820,1,2013-03-07 07:01:00,1,"Rel"
"136",1153818,1,2013-03-07 07:01:00,1,"Rel"
"137",1153821,1,2013-03-07 07:01:00,1,"Rel"
"138",1153824,1,2013-03-07 07:01:00,1,"Rel"
"139",1153819,1,2013-03-07 07:01:00,1,"Rel"
"140",1153822,1,2013-03-07 07:01:00,1,"Rel"
"141",1153825,1,2013-03-07 07:01:00,1,"Rel"
"142",1153780,1,2013-03-07 07:01:00,1,"Rel"
"143",1153784,1,2013-03-07 07:01:00,1,"Rel"
"144",1153785,1,2013-03-07 07:01:00,1,"Rel"
"145",1153823,1,2013-03-07 11:00:00,1,"Rel"
"146",1153827,1,2013-03-07 11:00:00,1,"Rel"
"147",1153830,1,2013-03-07 11:00:00,1,"Rel"
"148",1153828,1,2013-03-07 11:00:00,1,"Rel"
"149",1153831,1,2013-03-07 11:00:00,1,"Rel"
"150",1153834,1,2013-03-07 11:00:00,1,"Rel"
"151",1153829,1,2013-03-07 11:00:00,1,"Rel"
"152",1153832,1,2013-03-07 11:00:00,1,"Rel"
"153",1153835,1,2013-03-07 11:00:00,1,"Rel"
"154",1153783,1,2013-03-07 11:00:00,1,"Rel"
"155",1153788,1,2013-03-07 11:00:00,1,"Rel"
"156",1153789,1,2013-03-07 11:00:00,1,"Rel"
"157",1153787,1,2013-03-07 11:00:00,1,"Rel"
"158",1153790,1,2013-03-07 11:00:00,1,"Rel"
"159",1153791,1,2013-03-07 11:00:00,1,"Rel"
"160",1153792,1,2013-03-07 11:00:00,1,"Rel"
"161",1153809,1,2013-03-07 11:00:00,1,"Rel"
"162",1154181,1,2013-03-07 11:00:00,1,"Rel"
"163",1153853,1,2013-03-07 15:06:00,1,"Rel"
"164",1153860,1,2013-03-07 15:06:00,1,"Rel"
"165",1154182,1,2013-03-07 15:06:00,1,"Rel"
"166",1153858,1,2013-03-07 15:06:00,1,"Rel"
"167",1153861,1,2013-03-07 15:06:00,1,"Rel"
"168",1153864,1,2013-03-07 15:06:00,1,"Rel"
"169",1153859,1,2013-03-07 15:06:00,1,"Rel"
"170",1153862,1,2013-03-07 15:06:00,1,"Rel"
"171",1153865,1,2013-03-07 15:06:00,1,"Rel"
"172",1153833,1,2013-03-07 15:06:00,1,"Rel"
"173",1153838,1,2013-03-07 15:06:00,1,"Rel"
"174",1153839,1,2013-03-07 15:06:00,1,"Rel"
"175",1153863,1,2013-03-07 15:05:00,1,"Rel"
"176",1153867,1,2013-03-07 15:05:00,1,"Rel"
"177",1153870,1,2013-03-07 15:05:00,1,"Rel"
"178",1153868,1,2013-03-07 15:05:00,1,"Rel"
"179",1153871,1,2013-03-07 15:05:00,1,"Rel"
"180",1153874,1,2013-03-07 15:05:00,1,"Rel"
"181",1153869,1,2013-03-07 15:05:00,1,"Rel"
"182",1153872,1,2013-03-07 15:05:00,1,"Rel"
"183",1153875,1,2013-03-07 15:05:00,1,"Rel"
"184",1153837,1,2013-03-07 15:05:00,1,"Rel"
"185",1153841,1,2013-03-07 15:05:00,1,"Rel"
"186",1153842,1,2013-03-07 15:05:00,1,"Rel"
"187",1153873,1,2013-03-07 19:02:00,1,"Rel"
"188",1153877,1,2013-03-07 19:02:00,1,"Rel"
"189",1153880,1,2013-03-07 19:02:00,1,"Rel"
"190",1153878,1,2013-03-07 19:02:00,1,"Rel"
"191",1153881,1,2013-03-07 19:02:00,1,"Rel"
"192",1153884,1,2013-03-07 19:02:00,1,"Rel"
"193",1153879,1,2013-03-07 19:02:00,1,"Rel"
"194",1153882,1,2013-03-07 19:02:00,1,"Rel"
"195",1153885,1,2013-03-07 19:02:00,1,"Rel"
"196",1153840,1,2013-03-07 19:02:00,1,"Rel"
"197",1153844,1,2013-03-07 19:02:00,1,"Rel"
"198",1153845,1,2013-03-07 19:02:00,1,"Rel"
"199",1153883,1,2013-03-07 19:01:00,1,"Rel"
"200",1153887,1,2013-03-07 19:01:00,1,"Rel"
"201",1153890,1,2013-03-07 19:01:00,1,"Rel"
"202",1153888,1,2013-03-07 19:01:00,1,"Rel"
"203",1153891,1,2013-03-07 19:01:00,1,"Rel"
"204",1153894,1,2013-03-07 19:01:00,1,"Rel"
"205",1153889,1,2013-03-07 19:01:00,1,"Rel"
"206",1153892,1,2013-03-07 19:01:00,1,"Rel"
"207",1153895,1,2013-03-07 19:01:00,1,"Rel"
"208",1153843,1,2013-03-07 19:01:00,1,"Rel"
"209",1153848,1,2013-03-07 19:01:00,1,"Rel"
"210",1153849,1,2013-03-07 19:01:00,1,"Rel"
"211",1153847,1,2013-03-07 22:59:00,1,"Rel"
"212",1153850,1,2013-03-07 22:59:00,1,"Rel"
"213",1153851,1,2013-03-07 22:59:00,1,"Rel"
"214",1153854,1,2013-03-07 22:59:00,1,"Rel"
"215",1153852,1,2013-03-07 22:59:00,1,"Rel"
"216",1153855,1,2013-03-07 22:59:00,1,"Rel"
"217",1153899,1,2013-03-07 22:59:00,1,"Rel"
"218",1153893,1,2013-03-07 22:59:00,1,"Rel"
"219",1153898,1,2013-03-07 22:59:00,1,"Rel"
"220",1153902,1,2013-03-07 22:59:00,1,"Rel"
"221",1153897,1,2013-03-07 22:59:00,1,"Rel"
"222",1153901,1,2013-03-07 22:59:00,1,"Rel"
"223",1153913,1,2013-03-07 22:59:00,1,"Rel"
"224",1153917,1,2013-03-07 22:59:00,1,"Rel"
"225",1153920,1,2013-03-07 22:59:00,1,"Rel"
"226",1153918,1,2013-03-07 22:59:00,1,"Rel"
"227",1153921,1,2013-03-07 22:59:00,1,"Rel"
"228",1154171,1,2013-03-07 22:59:00,1,"Rel"
"229",1153905,1,2013-03-07 22:59:00,1,"Rel"
"230",1153900,1,2013-03-07 22:59:00,1,"Rel"
"231",1153904,1,2013-03-07 22:59:00,1,"Rel"
"232",1153923,1,2013-03-07 23:00:00,1,"Rel"
"233",1153927,1,2013-03-07 23:00:00,1,"Rel"
"234",1153930,1,2013-03-07 23:00:00,1,"Rel"
"235",1153928,1,2013-03-07 23:00:00,1,"Rel"
"236",1153931,1,2013-03-07 23:00:00,1,"Rel"
"237",1153934,1,2013-03-07 23:00:00,1,"Rel"
"238",1153929,1,2013-03-07 23:00:00,1,"Rel"
"239",1153932,1,2013-03-07 23:00:00,1,"Rel"
"240",1153935,1,2013-03-07 23:00:00,1,"Rel"
"241",1153925,1,2013-03-07 23:00:00,1,"Rel"
"242",1153903,1,2013-03-07 23:00:00,1,"Rel"
"243",1153908,1,2013-03-07 23:00:00,1,"Rel"
"244",1153933,1,2013-03-07 23:00:00,1,"Rel"
"245",1153937,1,2013-03-07 23:00:00,1,"Rel"
"246",1153940,1,2013-03-07 23:00:00,1,"Rel"
"247",1153938,1,2013-03-08 03:01:00,1,"Rel"
"248",1153944,1,2013-03-08 03:01:00,1,"Rel"
"249",1154172,1,2013-03-08 03:01:00,1,"Rel"
"250",1153857,1,2013-03-08 03:01:00,1,"Rel"
"251",1153939,1,2013-03-08 03:01:00,1,"Rel"
"252",1153912,1,2013-03-08 03:01:00,1,"Rel"
"253",1153907,1,2013-03-08 03:01:00,1,"Rel"
"254",1153911,1,2013-03-08 03:01:00,1,"Rel"
"255",1153943,1,2013-03-08 03:01:00,1,"Rel"
"256",1153947,1,2013-03-08 03:01:00,1,"Rel"
"257",1153950,1,2013-03-08 03:01:00,1,"Rel"
"258",1153948,1,2013-03-08 03:01:00,1,"Rel"
"259",1153951,1,2013-03-08 03:01:00,1,"Rel"
"260",1153954,1,2013-03-08 03:01:00,1,"Rel"
"261",1153952,1,2013-03-08 03:01:00,1,"Rel"
"262",1153949,1,2013-03-08 03:01:00,1,"Rel"
"263",1153955,1,2013-03-08 03:01:00,1,"Rel"
"264",1153915,1,2013-03-08 03:01:00,1,"Rel"
"265",1153910,1,2013-03-08 03:01:00,1,"Rel"
"266",1153914,1,2013-03-08 03:01:00,1,"Rel"
"267",1153909,1,2013-03-07 22:59:00,1,"Rel"
"268",1153919,1,2013-03-07 22:59:00,1,"Rel"
"269",1153922,1,2013-03-06 14:55:00,1,"Rel"
"270",1153942,NA,NA,1,"Rel"
"271",1153973,1,2013-03-08 07:00:00,1,"Rel"
"272",1153977,1,2013-03-08 07:00:00,1,"Rel"
"273",1153980,1,2013-03-08 07:00:00,1,"Rel"
"274",1153978,1,2013-03-08 07:00:00,1,"Rel"
"275",1153981,1,2013-03-08 07:00:00,1,"Rel"
"276",1153984,1,2013-03-08 07:00:00,1,"Rel"
"277",1153979,1,2013-03-08 07:00:00,1,"Rel"
"278",1153982,1,2013-03-08 07:00:00,1,"Rel"
"279",1153985,1,2013-03-08 07:00:00,1,"Rel"
"280",1153953,1,2013-03-08 07:00:00,1,"Rel"
"281",1153958,1,2013-03-08 07:00:00,1,"Rel"
"282",1153959,1,2013-03-08 07:00:00,1,"Rel"
"283",1153983,1,2013-03-08 07:00:00,1,"Rel"
"284",1153987,1,2013-03-08 07:00:00,1,"Rel"
"285",1153990,1,2013-03-08 07:00:00,1,"Rel"
"286",1153988,1,2013-03-08 07:00:00,1,"Rel"
"287",1153991,1,2013-03-08 07:00:00,1,"Rel"
"288",1153994,1,2013-03-08 07:00:00,1,"Rel"
"289",1153989,1,2013-03-08 07:00:00,1,"Rel"
"290",1153992,1,2013-03-08 07:00:00,1,"Rel"
"291",1153995,1,2013-03-08 07:00:00,1,"Rel"
"292",1153957,1,2013-03-08 07:00:00,1,"Rel"
"293",1153961,1,2013-03-08 07:00:00,1,"Rel"
"294",1153962,1,2013-03-08 07:00:00,1,"Rel"
"295",1153998,1,2013-03-08 07:00:00,1,"Rel"
"296",1154001,1,2013-03-08 07:00:00,1,"Rel"
"297",1154004,1,2013-03-08 07:00:00,1,"Rel"
"298",1153999,1,2013-03-08 07:00:00,1,"Rel"
"299",1154002,1,2013-03-08 07:00:00,1,"Rel"
"300",1154005,1,2013-03-08 07:00:00,1,"Rel"
"301",1153960,1,2013-03-08 07:00:00,1,"Rel"
"302",1153964,1,2013-03-08 07:00:00,1,"Rel"
"303",1153965,1,2013-03-08 07:00:00,1,"Rel"
"304",1153993,1,2013-03-08 07:00:00,1,"Rel"
"305",1153997,1,2013-03-08 07:00:00,1,"Rel"
"306",1154000,1,2013-03-08 07:00:00,1,"Rel"
"307",1154003,1,2013-03-08 11:00:00,1,"Rel"
"308",1154007,1,2013-03-08 11:00:00,1,"Rel"
"309",1154010,1,2013-03-08 11:00:00,1,"Rel"
"310",1154008,1,2013-03-08 11:00:00,1,"Rel"
"311",1154011,1,2013-03-08 11:00:00,1,"Rel"
"312",1154014,1,2013-03-08 11:00:00,1,"Rel"
"313",1154009,1,2013-03-08 11:00:00,1,"Rel"
"314",1154015,1,2013-03-08 11:00:00,1,"Rel"
"315",1154178,1,2013-03-08 11:00:00,1,"Rel"
"316",1153963,1,2013-03-08 11:00:00,1,"Rel"
"317",1153969,1,2013-03-08 11:00:00,1,"Rel"
"318",1154177,1,2013-03-08 11:00:00,1,"Rel"
"319",1153967,1,2013-03-08 11:00:00,1,"Rel"
"320",1153970,1,2013-03-08 11:00:00,1,"Rel"
"321",1153971,1,2013-03-08 11:00:00,1,"Rel"
"322",1153974,1,2013-03-08 11:00:00,1,"Rel"
"323",1153975,1,2013-03-08 11:00:00,1,"Rel"
"324",1154185,1,2013-03-08 11:00:00,1,"Rel"
"325",1154033,1,2013-03-08 15:00:00,1,"Rel"
"326",1154037,1,2013-03-08 15:00:00,1,"Rel"
"327",1154040,1,2013-03-08 15:00:00,1,"Rel"
"328",1154034,1,2013-03-08 15:00:00,1,"Rel"
"329",1154038,1,2013-03-08 15:00:00,1,"Rel"
"330",1154041,1,2013-03-08 15:00:00,1,"Rel"
"331",1154035,1,2013-03-08 15:00:00,1,"Rel"
"332",1154039,1,2013-03-08 15:00:00,1,"Rel"
"333",1154042,1,2013-03-08 15:00:00,1,"Rel"
"334",1154013,1,2013-03-08 15:00:00,1,"Rel"
"335",1154018,1,2013-03-08 15:00:00,1,"Rel"
"336",1154019,1,2013-03-08 15:00:00,1,"Rel"
"337",1154043,1,2013-03-08 15:01:00,1,"Rel"
"338",1154047,1,2013-03-08 15:01:00,1,"Rel"
"339",1154050,1,2013-03-08 15:01:00,1,"Rel"
"340",1154044,1,2013-03-08 15:01:00,1,"Rel"
"341",1154048,1,2013-03-08 15:01:00,1,"Rel"
"342",1154051,1,2013-03-08 15:01:00,1,"Rel"
"343",1154045,1,2013-03-08 15:01:00,1,"Rel"
"344",1154049,1,2013-03-08 15:01:00,1,"Rel"
"345",1154052,1,2013-03-08 15:01:00,1,"Rel"
"346",1154017,1,2013-03-08 15:01:00,1,"Rel"
"347",1154021,1,2013-03-08 15:01:00,1,"Rel"
"348",1154022,1,2013-03-08 15:01:00,1,"Rel"
"349",1154053,1,2013-03-08 19:01:00,1,"Rel"
"350",1154057,1,2013-03-08 19:01:00,1,"Rel"
"351",1154060,1,2013-03-08 19:01:00,1,"Rel"
"352",1154054,1,2013-03-08 19:01:00,1,"Rel"
"353",1154058,1,2013-03-08 19:01:00,1,"Rel"
"354",1154061,1,2013-03-08 19:01:00,1,"Rel"
"355",1154055,1,2013-03-08 19:01:00,1,"Rel"
"356",1154059,1,2013-03-08 19:01:00,1,"Rel"
"357",1154062,1,2013-03-08 19:01:00,1,"Rel"
"358",1154020,1,2013-03-08 19:01:00,1,"Rel"
"359",1154024,1,2013-03-08 19:01:00,1,"Rel"
"360",1154025,1,2013-03-08 19:01:00,1,"Rel"
"361",1154063,1,2013-03-08 19:02:00,1,"Rel"
"362",1154067,1,2013-03-08 19:02:00,1,"Rel"
"363",1154070,1,2013-03-08 19:02:00,1,"Rel"
"364",1154064,1,2013-03-08 19:02:00,1,"Rel"
"365",1154068,1,2013-03-08 19:02:00,1,"Rel"
"366",1154071,1,2013-03-08 19:02:00,1,"Rel"
"367",1153945,1,2013-03-08 19:02:00,1,"Rel"
"368",1154072,1,2013-03-08 19:02:00,1,"Rel"
"369",1154179,1,2013-03-08 19:02:00,1,"Rel"
"370",1154023,1,2013-03-08 19:02:00,1,"Rel"
"371",1154028,1,2013-03-08 19:02:00,1,"Rel"
"372",1154029,1,2013-03-08 19:02:00,1,"Rel"
"373",1154027,1,2013-03-08 23:02:00,1,"Rel"
"374",1154032,1,2013-03-08 23:02:00,1,"Rel"
"375",1154030,1,2013-03-08 23:02:00,1,"Rel"
"376",1154031,1,2013-03-08 23:02:00,1,"Rel"
"377",1154074,1,2013-03-08 23:02:00,1,"Rel"
"378",1154073,1,2013-03-08 23:02:00,1,"Rel"
"379",1154078,1,2013-03-08 23:02:00,1,"Rel"
"380",1154075,1,2013-03-08 23:02:00,1,"Rel"
"381",1154092,1,2013-03-08 23:01:00,1,"Rel"
"382",1154095,1,2013-03-08 23:01:00,1,"Rel"
"383",1154099,1,2013-03-08 23:01:00,1,"Rel"
"384",1154090,1,2013-03-08 23:01:00,1,"Rel"
"385",1154093,1,2013-03-08 23:01:00,1,"Rel"
"386",1154097,1,2013-03-08 23:01:00,1,"Rel"
"387",1154094,1,2013-03-08 23:01:00,1,"Rel"
"388",1154098,1,2013-03-08 23:01:00,1,"Rel"
"389",1154101,1,2013-03-08 23:01:00,1,"Rel"
"390",1154081,1,2013-03-08 23:01:00,1,"Rel"
"391",1154079,1,2013-03-08 23:01:00,1,"Rel"
"392",1154077,1,2013-03-08 23:01:00,1,"Rel"
"393",1154102,1,2013-03-08 23:01:00,1,"Rel"
"394",1154105,1,2013-03-08 23:01:00,1,"Rel"
"395",1154112,1,2013-03-08 23:01:00,1,"Rel"
"396",1154100,1,2013-03-08 23:01:00,1,"Rel"
"397",1154103,1,2013-03-08 23:01:00,1,"Rel"
"398",1154107,1,2013-03-08 23:01:00,1,"Rel"
"399",1154104,1,2013-03-08 23:01:00,1,"Rel"
"400",1154108,1,2013-03-08 23:01:00,1,"Rel"
"401",1154111,1,2013-03-08 23:01:00,1,"Rel"
"402",1154084,1,2013-03-08 23:01:00,1,"Rel"
"403",1154080,1,2013-03-08 23:01:00,1,"Rel"
"404",1154115,1,2013-03-09 03:05:00,1,"Rel"
"405",1154180,1,2013-03-09 03:05:00,1,"Rel"
"406",1154110,1,2013-03-09 03:05:00,1,"Rel"
"407",1154113,1,2013-03-09 03:05:00,1,"Rel"
"408",1154117,1,2013-03-09 03:05:00,1,"Rel"
"409",1154114,1,2013-03-09 03:05:00,1,"Rel"
"410",1154118,1,2013-03-09 03:05:00,1,"Rel"
"411",1154121,1,2013-03-09 03:05:00,1,"Rel"
"412",1154088,1,2013-03-09 03:05:00,1,"Rel"
"413",1154085,1,2013-03-09 03:05:00,1,"Rel"
"414",1154083,1,2013-03-09 03:05:00,1,"Rel"
"415",1154122,1,2013-03-09 03:05:00,1,"Rel"
"416",1154125,1,2013-03-09 03:05:00,1,"Rel"
"417",1154129,1,2013-03-09 03:05:00,1,"Rel"
"418",1154120,1,2013-03-09 03:05:00,1,"Rel"
"419",1154123,1,2013-03-09 03:05:00,1,"Rel"
"420",1154127,1,2013-03-09 03:05:00,1,"Rel"
"421",1154124,1,2013-03-09 03:05:00,1,"Rel"
"422",1154128,1,2013-03-09 03:05:00,1,"Rel"
"423",1154131,1,2013-03-09 03:05:00,1,"Rel"
"424",1154091,1,2013-03-09 03:05:00,1,"Rel"
"425",1154089,1,2013-03-09 03:05:00,1,"Rel"
"426",1154087,1,2013-03-09 03:05:00,1,"Rel"
"427",1154082,NA,NA,1,"Rel"
"428",1154119,NA,NA,1,"Rel"
"429",1154145,1,2013-03-08 23:02:00,1,"Rel"
"430",1154149,1,2013-03-08 23:02:00,1,"Rel"
"431",1154143,1,2013-03-08 23:02:00,1,"Rel"
"432",1154148,1,2013-03-08 23:02:00,1,"Rel"
"433",1154056,1,2013-03-08 23:01:00,1,"Rel"
"434",1154152,1,2013-03-09 07:00:00,1,"Rel"
"435",1154155,1,2013-03-09 07:00:00,1,"Rel"
"436",1154159,1,2013-03-09 07:00:00,1,"Rel"
"437",1154147,1,2013-03-09 07:00:00,1,"Rel"
"438",1154150,1,2013-03-09 07:00:00,1,"Rel"
"439",1154153,1,2013-03-09 07:00:00,1,"Rel"
"440",1153796,1,2013-03-09 07:00:00,1,"Rel"
"441",1154154,1,2013-03-09 07:00:00,1,"Rel"
"442",1154158,1,2013-03-09 07:00:00,1,"Rel"
"443",1154130,1,2013-03-09 07:00:00,1,"Rel"
"444",1154132,1,2013-03-09 07:00:00,1,"Rel"
"445",1154134,1,2013-03-09 07:00:00,1,"Rel"
"446",1154162,1,2013-03-09 07:00:00,1,"Rel"
"447",1154165,1,2013-03-09 07:00:00,1,"Rel"
"448",1154168,1,2013-03-09 07:00:00,1,"Rel"
"449",1154157,1,2013-03-09 07:00:00,1,"Rel"
"450",1154160,1,2013-03-09 07:00:00,1,"Rel"
"451",1154163,1,2013-03-09 07:00:00,1,"Rel"
"452",1154161,1,2013-03-09 07:00:00,1,"Rel"
"453",1154164,1,2013-03-09 07:00:00,1,"Rel"
"454",1154167,1,2013-03-09 07:00:00,1,"Rel"
"455",1154133,1,2013-03-09 07:00:00,1,"Rel"
"456",1154135,1,2013-03-09 07:00:00,1,"Rel"
"457",1154138,1,2013-03-09 07:00:00,1,"Rel"
"458",1153906,1,2013-03-09 11:08:00,1,"Rel"
"459",1153806,1,2013-03-09 11:08:00,1,"Rel"
"460",1153738,1,2013-03-09 11:08:00,1,"Rel"
"461",1154166,1,2013-03-09 11:08:00,1,"Rel"
"462",1154169,1,2013-03-09 11:08:00,1,"Rel"
"463",1154170,1,2013-03-09 11:08:00,1,"Rel"
"464",1154173,1,2013-03-09 11:08:00,1,"Rel"
"465",1154176,1,2013-03-09 11:08:00,1,"Rel"
"466",1154137,1,2013-03-09 11:08:00,1,"Rel"
"467",1154139,1,2013-03-09 11:08:00,1,"Rel"
"468",1154141,1,2013-03-09 11:08:00,1,"Rel"
"469",1153736,1,2013-03-09 11:08:00,1,"Rel"
"470",1153986,1,2013-03-09 11:08:00,1,"Rel"
"471",1153946,1,2013-03-09 11:08:00,1,"Rel"
"472",1153794,1,2013-03-09 11:08:00,1,"Rel"
"473",1154175,1,2013-03-09 11:08:00,1,"Rel"
"474",1153674,1,2013-03-09 11:08:00,1,"Rel"
"475",1153760,1,2013-03-09 11:08:00,1,"Rel"
"476",1153661,1,2013-03-09 11:08:00,1,"Rel"
"477",1154156,1,2013-03-09 11:08:00,1,"Rel"
"478",1154140,1,2013-03-09 11:08:00,1,"Rel"
"479",1153706,1,2013-03-09 11:08:00,1,"Rel"
"480",1154144,1,2013-03-09 11:08:00,1,"Rel"
"481",1154174,NA,NA,1,"Rel"
"482",1154727,2,2013-04-03 15:14:00,1,"Rel"
"483",1154730,2,2013-04-03 15:14:00,1,"Rel"
"484",1155190,2,2013-04-03 15:14:00,1,"Rel"
"485",1154728,2,2013-04-03 15:14:00,1,"Rel"
"486",1154731,2,2013-04-03 15:14:00,1,"Rel"
"487",1154734,2,2013-04-03 15:14:00,1,"Rel"
"488",1154729,2,2013-04-03 15:14:00,1,"Rel"
"489",1154732,2,2013-04-03 15:14:00,1,"Rel"
"490",1154735,2,2013-04-03 15:14:00,1,"Rel"
"491",1154715,2,2013-04-03 15:14:00,1,"Rel"
"492",1154716,2,2013-04-03 15:14:00,1,"Rel"
"493",1154717,2,2013-04-03 15:14:00,1,"Rel"
"494",1154736,2,2013-04-03 15:13:00,1,"Rel"
"495",1154739,2,2013-04-03 15:13:00,1,"Rel"
"496",1154742,2,2013-04-03 15:13:00,1,"Rel"
"497",1154737,2,2013-04-03 15:13:00,1,"Rel"
"498",1154740,2,2013-04-03 15:13:00,1,"Rel"
"499",1154743,2,2013-04-03 15:13:00,1,"Rel"
"500",1154738,2,2013-04-03 15:13:00,1,"Rel"
"501",1154741,2,2013-04-03 15:13:00,1,"Rel"
"502",1154744,2,2013-04-03 15:13:00,1,"Rel"
"503",1154718,2,2013-04-03 15:13:00,1,"Rel"
"504",1154719,2,2013-04-03 15:13:00,1,"Rel"
"505",1154720,2,2013-04-03 15:13:00,1,"Rel"
"506",1154745,2,2013-04-03 19:05:00,1,"Rel"
"507",1154748,2,2013-04-03 19:05:00,1,"Rel"
"508",1154751,2,2013-04-03 19:05:00,1,"Rel"
"509",1154746,2,2013-04-03 19:05:00,1,"Rel"
"510",1154749,2,2013-04-03 19:05:00,1,"Rel"
"511",1154752,2,2013-04-03 19:05:00,1,"Rel"
"512",1154747,2,2013-04-03 19:05:00,1,"Rel"
"513",1154750,2,2013-04-03 19:05:00,1,"Rel"
"514",1154753,2,2013-04-03 19:05:00,1,"Rel"
"515",1154721,2,2013-04-03 19:05:00,1,"Rel"
"516",1154722,2,2013-04-03 19:05:00,1,"Rel"
"517",1154723,2,2013-04-03 19:05:00,1,"Rel"
"518",1154754,2,2013-04-03 19:04:00,1,"Rel"
"519",1154757,2,2013-04-03 19:04:00,1,"Rel"
"520",1154760,2,2013-04-03 19:04:00,1,"Rel"
"521",1154755,2,2013-04-03 19:04:00,1,"Rel"
"522",1154761,2,2013-04-03 19:04:00,1,"Rel"
"523",1155192,2,2013-04-03 19:04:00,1,"Rel"
"524",1154756,2,2013-04-03 19:04:00,1,"Rel"
"525",1154759,2,2013-04-03 19:04:00,1,"Rel"
"526",1154762,2,2013-04-03 19:04:00,1,"Rel"
"527",1154724,2,2013-04-03 19:04:00,1,"Rel"
"528",1154725,2,2013-04-03 19:04:00,1,"Rel"
"529",1154726,2,2013-04-03 19:04:00,1,"Rel"
"530",1154709,2,2013-04-03 19:06:00,1,"Rel"
"531",1154712,2,2013-04-03 19:06:00,1,"Rel"
"532",1154710,2,2013-04-03 19:06:00,1,"Rel"
"533",1154713,2,2013-04-03 19:06:00,1,"Rel"
"534",1154711,2,2013-04-03 19:06:00,1,"Rel"
"535",1154714,2,2013-04-03 19:06:00,1,"Rel"
"536",1154763,2,2013-04-03 19:06:00,1,"Rel"
"537",1154766,2,2013-04-03 19:06:00,1,"Rel"
"538",1154764,2,2013-04-03 19:06:00,1,"Rel"
"539",1154767,2,2013-04-03 19:06:00,1,"Rel"
"540",1154765,2,2013-04-03 19:06:00,1,"Rel"
"541",1154768,2,2013-04-03 19:06:00,1,"Rel"
"542",1154781,2,2013-04-03 23:04:00,1,"Rel"
"543",1154784,2,2013-04-03 23:04:00,1,"Rel"
"544",1154787,2,2013-04-03 23:04:00,1,"Rel"
"545",1154782,2,2013-04-03 23:04:00,1,"Rel"
"546",1154785,2,2013-04-03 23:04:00,1,"Rel"
"547",1154788,2,2013-04-03 23:04:00,1,"Rel"
"548",1154786,2,2013-04-03 23:04:00,1,"Rel"
"549",1155194,2,2013-04-03 23:04:00,1,"Rel"
"550",1154789,2,2013-04-03 23:04:00,1,"Rel"
"551",1154769,2,2013-04-03 23:04:00,1,"Rel"
"552",1154770,2,2013-04-03 23:04:00,1,"Rel"
"553",1154771,2,2013-04-03 23:04:00,1,"Rel"
"554",1154790,2,2013-04-03 23:03:00,1,"Rel"
"555",1154793,2,2013-04-03 23:03:00,1,"Rel"
"556",1154796,2,2013-04-03 23:03:00,1,"Rel"
"557",1154791,2,2013-04-03 23:03:00,1,"Rel"
"558",1154794,2,2013-04-03 23:03:00,1,"Rel"
"559",1154797,2,2013-04-03 23:03:00,1,"Rel"
"560",1154792,2,2013-04-03 23:03:00,1,"Rel"
"561",1154795,2,2013-04-03 23:03:00,1,"Rel"
"562",1154798,2,2013-04-03 23:03:00,1,"Rel"
"563",1154772,2,2013-04-03 23:03:00,1,"Rel"
"564",1154773,2,2013-04-03 23:03:00,1,"Rel"
"565",1154774,2,2013-04-03 23:03:00,1,"Rel"
"566",1154799,2,2013-04-04 03:02:00,1,"Rel"
"567",1154802,2,2013-04-04 03:02:00,1,"Rel"
"568",1154805,2,2013-04-04 03:02:00,1,"Rel"
"569",1154800,2,2013-04-04 03:02:00,1,"Rel"
"570",1154803,2,2013-04-04 03:02:00,1,"Rel"
"571",1154806,2,2013-04-04 03:02:00,1,"Rel"
"572",1154801,2,2013-04-04 03:02:00,1,"Rel"
"573",1154804,2,2013-04-04 03:02:00,1,"Rel"
"574",1154807,2,2013-04-04 03:02:00,1,"Rel"
"575",1154775,2,2013-04-04 03:02:00,1,"Rel"
"576",1154776,2,2013-04-04 03:02:00,1,"Rel"
"577",1154777,2,2013-04-04 03:02:00,1,"Rel"
"578",1155196,2,2013-04-04 03:02:00,1,"Rel"
"579",1154811,2,2013-04-04 03:02:00,1,"Rel"
"580",1154814,2,2013-04-04 03:02:00,1,"Rel"
"581",1154809,2,2013-04-04 03:02:00,1,"Rel"
"582",1154812,2,2013-04-04 03:02:00,1,"Rel"
"583",1154815,2,2013-04-04 03:02:00,1,"Rel"
"584",1154810,2,2013-04-04 03:02:00,1,"Rel"
"585",1155228,2,2013-04-04 03:02:00,1,"Rel"
"586",1155229,2,2013-04-04 03:02:00,1,"Rel"
"587",1154778,2,2013-04-04 03:02:00,1,"Rel"
"588",1154779,2,2013-04-04 03:02:00,1,"Rel"
"589",1154780,2,2013-04-04 03:02:00,1,"Rel"
"590",1154835,2,2013-04-04 07:09:00,1,"Rel"
"591",1154838,2,2013-04-04 07:09:00,1,"Rel"
"592",1154841,2,2013-04-04 07:09:00,1,"Rel"
"593",1154836,2,2013-04-04 07:09:00,1,"Rel"
"594",1154839,2,2013-04-04 07:09:00,1,"Rel"
"595",1154842,2,2013-04-04 07:09:00,1,"Rel"
"596",1154837,2,2013-04-04 07:09:00,1,"Rel"
"597",1154840,2,2013-04-04 07:09:00,1,"Rel"
"598",1154843,2,2013-04-04 07:09:00,1,"Rel"
"599",1154823,2,2013-04-04 07:09:00,1,"Rel"
"600",1154824,2,2013-04-04 07:09:00,1,"Rel"
"601",1154825,2,2013-04-04 07:09:00,1,"Rel"
"602",1154844,2,2013-04-04 07:11:00,1,"Rel"
"603",1154847,2,2013-04-04 07:11:00,1,"Rel"
"604",1154850,2,2013-04-04 07:11:00,1,"Rel"
"605",1154845,2,2013-04-04 07:11:00,1,"Rel"
"606",1154848,2,2013-04-04 07:11:00,1,"Rel"
"607",1154851,2,2013-04-04 07:11:00,1,"Rel"
"608",1154846,2,2013-04-04 07:11:00,1,"Rel"
"609",1154849,2,2013-04-04 07:11:00,1,"Rel"
"610",1154852,2,2013-04-04 07:11:00,1,"Rel"
"611",1154826,2,2013-04-04 07:11:00,1,"Rel"
"612",1155189,2,2013-04-04 07:11:00,1,"Rel"
"613",1154828,2,2013-04-04 07:11:00,1,"Rel"
"614",1154853,2,2013-04-04 07:13:00,1,"Rel"
"615",1154856,2,2013-04-04 07:13:00,1,"Rel"
"616",1154859,2,2013-04-04 07:13:00,1,"Rel"
"617",1154854,2,2013-04-04 07:13:00,1,"Rel"
"618",1154857,2,2013-04-04 07:13:00,1,"Rel"
"619",1154860,2,2013-04-04 07:13:00,1,"Rel"
"620",1154855,2,2013-04-04 07:13:00,1,"Rel"
"621",1154861,2,2013-04-04 07:13:00,1,"Rel"
"622",1155200,2,2013-04-04 07:13:00,1,"Rel"
"623",1154829,2,2013-04-04 07:13:00,1,"Rel"
"624",1154830,2,2013-04-04 07:13:00,1,"Rel"
"625",1154831,2,2013-04-04 07:13:00,1,"Rel"
"626",1154862,2,2013-04-04 10:57:00,1,"Rel"
"627",1154865,2,2013-04-04 10:57:00,1,"Rel"
"628",1154868,2,2013-04-04 10:57:00,1,"Rel"
"629",1154863,2,2013-04-04 10:57:00,1,"Rel"
"630",1154866,2,2013-04-04 10:57:00,1,"Rel"
"631",1154869,2,2013-04-04 10:57:00,1,"Rel"
"632",1154864,2,2013-04-04 10:57:00,1,"Rel"
"633",1154867,2,2013-04-04 10:57:00,1,"Rel"
"634",1154870,2,2013-04-04 10:57:00,1,"Rel"
"635",1155198,2,2013-04-04 10:57:00,1,"Rel"
"636",1154834,2,2013-04-04 10:57:00,1,"Rel"
"637",1154832,2,2013-04-04 10:57:00,1,"Rel"
"638",1154817,2,2013-04-04 10:57:00,1,"Rel"
"639",1154820,2,2013-04-04 10:57:00,1,"Rel"
"640",1154818,2,2013-04-04 10:57:00,1,"Rel"
"641",1154821,2,2013-04-04 10:57:00,1,"Rel"
"642",1154819,2,2013-04-04 10:57:00,1,"Rel"
"643",1154822,2,2013-04-04 10:57:00,1,"Rel"
"644",1154889,2,2013-04-04 15:11:00,1,"Rel"
"645",1154892,2,2013-04-04 15:11:00,1,"Rel"
"646",1154895,2,2013-04-04 15:11:00,1,"Rel"
"647",1154890,2,2013-04-04 15:11:00,1,"Rel"
"648",1154893,2,2013-04-04 15:11:00,1,"Rel"
"649",1154896,2,2013-04-04 15:11:00,1,"Rel"
"650",1154891,2,2013-04-04 15:11:00,1,"Rel"
"651",1154894,2,2013-04-04 15:11:00,1,"Rel"
"652",1154897,2,2013-04-04 15:11:00,1,"Rel"
"653",1154877,2,2013-04-04 15:11:00,1,"Rel"
"654",1154878,2,2013-04-04 15:11:00,1,"Rel"
"655",1154879,2,2013-04-04 15:11:00,1,"Rel"
"656",1154901,2,2013-04-04 15:13:00,1,"Rel"
"657",1155231,2,2013-04-04 15:13:00,1,"Rel"
"658",1154904,2,2013-04-04 15:13:00,1,"Rel"
"659",1154899,2,2013-04-04 15:13:00,1,"Rel"
"660",1154902,2,2013-04-04 15:13:00,1,"Rel"
"661",1154905,2,2013-04-04 15:13:00,1,"Rel"
"662",1154900,2,2013-04-04 15:13:00,1,"Rel"
"663",1154903,2,2013-04-04 15:13:00,1,"Rel"
"664",1154906,2,2013-04-04 15:13:00,1,"Rel"
"665",1154880,2,2013-04-04 15:13:00,1,"Rel"
"666",1154881,2,2013-04-04 15:13:00,1,"Rel"
"667",1154882,2,2013-04-04 15:13:00,1,"Rel"
"668",1154907,2,2013-04-04 19:00:00,1,"Rel"
"669",1154910,2,2013-04-04 19:00:00,1,"Rel"
"670",1154913,2,2013-04-04 19:00:00,1,"Rel"
"671",1155204,2,2013-04-04 19:00:00,1,"Rel"
"672",1154911,2,2013-04-04 19:00:00,1,"Rel"
"673",1154914,2,2013-04-04 19:00:00,1,"Rel"
"674",1154909,2,2013-04-04 19:00:00,1,"Rel"
"675",1154912,2,2013-04-04 19:00:00,1,"Rel"
"676",1154915,2,2013-04-04 19:00:00,1,"Rel"
"677",1155202,2,2013-04-04 19:00:00,1,"Rel"
"678",1154884,2,2013-04-04 19:00:00,1,"Rel"
"679",1154885,2,2013-04-04 19:00:00,1,"Rel"
"680",1154916,2,2013-04-04 18:59:00,1,"Rel"
"681",1154919,2,2013-04-04 18:59:00,1,"Rel"
"682",1154922,2,2013-04-04 18:59:00,1,"Rel"
"683",1154917,2,2013-04-04 18:59:00,1,"Rel"
"684",1154920,2,2013-04-04 18:59:00,1,"Rel"
"685",1154923,2,2013-04-04 18:59:00,1,"Rel"
"686",1154918,2,2013-04-04 18:59:00,1,"Rel"
"687",1154921,2,2013-04-04 18:59:00,1,"Rel"
"688",1154924,2,2013-04-04 18:59:00,1,"Rel"
"689",1154886,2,2013-04-04 18:59:00,1,"Rel"
"690",1154887,2,2013-04-04 18:59:00,1,"Rel"
"691",1154888,2,2013-04-04 18:59:00,1,"Rel"
"692",1155230,2,2013-04-04 23:02:00,1,"Rel"
"693",1154874,2,2013-04-04 23:02:00,1,"Rel"
"694",1154872,2,2013-04-04 23:02:00,1,"Rel"
"695",1154875,2,2013-04-04 23:02:00,1,"Rel"
"696",1154873,2,2013-04-04 23:02:00,1,"Rel"
"697",1154876,2,2013-04-04 23:02:00,1,"Rel"
"698",1154925,2,2013-04-04 23:02:00,1,"Rel"
"699",1154926,2,2013-04-04 23:02:00,1,"Rel"
"700",1154927,2,2013-04-04 23:02:00,1,"Rel"
"701",1154928,2,2013-04-04 23:02:00,1,"Rel"
"702",1154929,2,2013-04-04 23:02:00,1,"Rel"
"703",1154930,2,2013-04-04 23:02:00,1,"Rel"
"704",1154943,2,2013-04-04 23:02:00,1,"Rel"
"705",1154946,2,2013-04-04 23:02:00,1,"Rel"
"706",1154949,2,2013-04-04 23:02:00,1,"Rel"
"707",1154944,2,2013-04-04 23:02:00,1,"Rel"
"708",1154947,2,2013-04-04 23:02:00,1,"Rel"
"709",1154950,2,2013-04-04 23:02:00,1,"Rel"
"710",1154945,2,2013-04-04 23:02:00,1,"Rel"
"711",1154948,2,2013-04-04 23:02:00,1,"Rel"
"712",1154951,2,2013-04-04 23:02:00,1,"Rel"
"713",1154931,2,2013-04-04 23:02:00,1,"Rel"
"714",1154932,2,2013-04-04 23:02:00,1,"Rel"
"715",1155206,2,2013-04-04 23:02:00,1,"Rel"
"716",1154952,2,2013-04-04 23:03:00,1,"Rel"
"717",1155209,2,2013-04-04 23:03:00,1,"Rel"
"718",1155232,2,2013-04-04 23:03:00,1,"Rel"
"719",1154953,2,2013-04-04 23:03:00,1,"Rel"
"720",1154956,2,2013-04-04 23:03:00,1,"Rel"
"721",1154959,2,2013-04-04 23:03:00,1,"Rel"
"722",1154954,2,2013-04-04 23:03:00,1,"Rel"
"723",1154957,2,2013-04-04 23:03:00,1,"Rel"
"724",1154960,2,2013-04-04 23:03:00,1,"Rel"
"725",1154934,2,2013-04-04 23:03:00,1,"Rel"
"726",1154935,2,2013-04-04 23:03:00,1,"Rel"
"727",1154936,2,2013-04-04 23:03:00,1,"Rel"
"728",1154961,2,2013-04-05 02:59:00,1,"Rel"
"729",1154964,2,2013-04-05 02:59:00,1,"Rel"
"730",1154967,2,2013-04-05 02:59:00,1,"Rel"
"731",1154962,2,2013-04-05 02:59:00,1,"Rel"
"732",1154965,2,2013-04-05 02:59:00,1,"Rel"
"733",1154968,2,2013-04-05 02:59:00,1,"Rel"
"734",1154963,2,2013-04-05 02:59:00,1,"Rel"
"735",1154966,2,2013-04-05 02:59:00,1,"Rel"
"736",1154969,2,2013-04-05 02:59:00,1,"Rel"
"737",1154937,2,2013-04-05 02:59:00,1,"Rel"
"738",1154938,2,2013-04-05 02:59:00,1,"Rel"
"739",1154939,2,2013-04-05 02:59:00,1,"Rel"
"740",1154970,2,2013-04-05 02:59:00,1,"Rel"
"741",1154973,2,2013-04-05 02:59:00,1,"Rel"
"742",1154976,2,2013-04-05 02:59:00,1,"Rel"
"743",1154971,2,2013-04-05 02:59:00,1,"Rel"
"744",1154974,2,2013-04-05 02:59:00,1,"Rel"
"745",1154977,2,2013-04-05 02:59:00,1,"Rel"
"746",1154972,2,2013-04-05 02:59:00,1,"Rel"
"747",1154975,2,2013-04-05 02:59:00,1,"Rel"
"748",1154978,2,2013-04-05 02:59:00,1,"Rel"
"749",1154940,2,2013-04-05 02:59:00,1,"Rel"
"750",1154941,2,2013-04-05 02:59:00,1,"Rel"
"751",1154942,2,2013-04-05 02:59:00,1,"Rel"
"752",1154997,2,2013-04-05 06:57:00,1,"Rel"
"753",1155000,2,2013-04-05 06:57:00,1,"Rel"
"754",1155003,2,2013-04-05 06:57:00,1,"Rel"
"755",1154998,2,2013-04-05 06:57:00,1,"Rel"
"756",1155191,2,2013-04-05 06:57:00,1,"Rel"
"757",1155004,2,2013-04-05 06:57:00,1,"Rel"
"758",1154999,2,2013-04-05 06:57:00,1,"Rel"
"759",1155002,2,2013-04-05 06:57:00,1,"Rel"
"760",1155005,2,2013-04-05 06:57:00,1,"Rel"
"761",1154985,2,2013-04-05 06:57:00,1,"Rel"
"762",1154986,2,2013-04-05 06:57:00,1,"Rel"
"763",1154987,2,2013-04-05 06:57:00,1,"Rel"
"764",1155006,2,2013-04-05 06:59:00,1,"Rel"
"765",1155009,2,2013-04-05 06:59:00,1,"Rel"
"766",1155012,2,2013-04-05 06:59:00,1,"Rel"
"767",1155007,2,2013-04-05 06:59:00,1,"Rel"
"768",1155010,2,2013-04-05 06:59:00,1,"Rel"
"769",1155013,2,2013-04-05 06:59:00,1,"Rel"
"770",1155213,2,2013-04-05 06:59:00,1,"Rel"
"771",1155011,2,2013-04-05 06:59:00,1,"Rel"
"772",1155014,2,2013-04-05 06:59:00,1,"Rel"
"773",1154988,2,2013-04-05 06:59:00,1,"Rel"
"774",1154989,2,2013-04-05 06:59:00,1,"Rel"
"775",1154990,2,2013-04-05 06:59:00,1,"Rel"
"776",1155016,2,2013-04-05 06:58:00,1,"Rel"
"777",1155019,2,2013-04-05 06:58:00,1,"Rel"
"778",1155025,2,2013-04-05 06:58:00,1,"Rel"
"779",1155017,2,2013-04-05 06:58:00,1,"Rel"
"780",1155020,2,2013-04-05 06:58:00,1,"Rel"
"781",1155023,2,2013-04-05 06:58:00,1,"Rel"
"782",1154991,2,2013-04-05 06:58:00,1,"Rel"
"783",1154992,2,2013-04-05 06:58:00,1,"Rel"
"784",1154993,2,2013-04-05 06:58:00,1,"Rel"
"785",1155015,2,2013-04-05 06:58:00,1,"Rel"
"786",1155018,2,2013-04-05 06:58:00,1,"Rel"
"787",1155233,2,2013-04-05 06:58:00,1,"Rel"
"788",1155024,2,2013-04-05 11:00:00,1,"Rel"
"789",1155027,2,2013-04-05 11:00:00,1,"Rel"
"790",1155030,2,2013-04-05 11:00:00,1,"Rel"
"791",1155022,2,2013-04-05 11:00:00,1,"Rel"
"792",1155028,2,2013-04-05 11:00:00,1,"Rel"
"793",1155031,2,2013-04-05 11:00:00,1,"Rel"
"794",1155026,2,2013-04-05 11:00:00,1,"Rel"
"795",1155029,2,2013-04-05 11:00:00,1,"Rel"
"796",1155032,2,2013-04-05 11:00:00,1,"Rel"
"797",1154994,2,2013-04-05 11:00:00,1,"Rel"
"798",1154995,2,2013-04-05 11:00:00,1,"Rel"
"799",1154996,2,2013-04-05 11:00:00,1,"Rel"
"800",1154979,2,2013-04-05 11:00:00,1,"Rel"
"801",1154982,2,2013-04-05 11:00:00,1,"Rel"
"802",1154980,2,2013-04-05 11:00:00,1,"Rel"
"803",1155211,2,2013-04-05 11:00:00,1,"Rel"
"804",1154981,2,2013-04-05 11:00:00,1,"Rel"
"805",1154984,2,2013-04-05 11:00:00,1,"Rel"
"806",1155087,2,2013-04-05 22:59:00,1,"Rel"
"807",1155085,2,2013-04-05 22:59:00,1,"Rel"
"808",1155088,2,2013-04-05 22:59:00,1,"Rel"
"809",1155086,2,2013-04-05 22:59:00,1,"Rel"
"810",1155101,2,2013-04-05 22:59:00,1,"Rel"
"811",1155104,2,2013-04-05 22:59:00,1,"Rel"
"812",1155107,2,2013-04-05 22:59:00,1,"Rel"
"813",1155102,2,2013-04-05 22:59:00,1,"Rel"
"814",1155105,2,2013-04-05 22:59:00,1,"Rel"
"815",1155221,2,2013-04-05 22:59:00,1,"Rel"
"816",1155103,2,2013-04-05 22:59:00,1,"Rel"
"817",1155106,2,2013-04-05 22:59:00,1,"Rel"
"818",1155109,2,2013-04-05 22:59:00,1,"Rel"
"819",1155090,2,2013-04-05 22:59:00,1,"Rel"
"820",1155091,2,2013-04-05 22:59:00,1,"Rel"
"821",1155089,2,2013-04-05 22:59:00,1,"Rel"
"822",1155110,2,2013-04-05 23:00:00,1,"Rel"
"823",1155113,2,2013-04-05 23:00:00,1,"Rel"
"824",1155116,2,2013-04-05 23:00:00,1,"Rel"
"825",1155111,2,2013-04-05 23:00:00,1,"Rel"
"826",1155114,2,2013-04-05 23:00:00,1,"Rel"
"827",1155117,2,2013-04-05 23:00:00,1,"Rel"
"828",1155112,2,2013-04-05 23:00:00,1,"Rel"
"829",1155115,2,2013-04-05 23:00:00,1,"Rel"
"830",1155118,2,2013-04-05 23:00:00,1,"Rel"
"831",1155093,2,2013-04-05 23:00:00,1,"Rel"
"832",1155094,2,2013-04-05 23:00:00,1,"Rel"
"833",1155092,2,2013-04-05 23:00:00,1,"Rel"
"834",1155119,2,2013-04-05 02:58:00,1,"Rel"
"835",1155122,2,2013-04-05 02:58:00,1,"Rel"
"836",1155125,2,2013-04-05 02:58:00,1,"Rel"
"837",1155120,2,2013-04-05 02:58:00,1,"Rel"
"838",1155123,2,2013-04-05 02:58:00,1,"Rel"
"839",1155126,2,2013-04-05 02:58:00,1,"Rel"
"840",1155121,2,2013-04-05 02:58:00,1,"Rel"
"841",1155124,2,2013-04-05 02:58:00,1,"Rel"
"842",1155127,2,2013-04-05 02:58:00,1,"Rel"
"843",1155096,2,2013-04-05 02:58:00,1,"Rel"
"844",1155097,2,2013-04-05 02:58:00,1,"Rel"
"845",1155095,2,2013-04-05 02:58:00,1,"Rel"
"846",1155128,2,2013-04-05 02:58:00,1,"Rel"
"847",1155131,2,2013-04-05 02:58:00,1,"Rel"
"848",1155134,2,2013-04-05 02:58:00,1,"Rel"
"849",1155129,2,2013-04-05 02:58:00,1,"Rel"
"850",1155132,2,2013-04-05 02:58:00,1,"Rel"
"851",1155135,2,2013-04-05 02:58:00,1,"Rel"
"852",1155130,2,2013-04-05 02:58:00,1,"Rel"
"853",1155136,2,2013-04-05 02:58:00,1,"Rel"
"854",1155223,2,2013-04-05 02:58:00,1,"Rel"
"855",1155099,2,2013-04-05 02:58:00,1,"Rel"
"856",1155100,2,2013-04-05 02:58:00,1,"Rel"
"857",1155098,2,2013-04-05 02:58:00,1,"Rel"
"858",1155051,2,2013-04-04 11:58:00,1,"Rel"
"859",1155054,2,2013-04-04 11:58:00,1,"Rel"
"860",1155057,2,2013-04-04 11:58:00,1,"Rel"
"861",1155049,2,2013-04-05 15:01:00,1,"Rel"
"862",1155052,2,2013-04-05 15:01:00,1,"Rel"
"863",1155055,2,2013-04-05 15:01:00,1,"Rel"
"864",1155050,2,2013-04-05 15:01:00,1,"Rel"
"865",1155053,2,2013-04-05 15:01:00,1,"Rel"
"866",1155056,2,2013-04-05 15:01:00,1,"Rel"
"867",1155039,2,2013-04-05 15:01:00,1,"Rel"
"868",1155037,2,2013-04-05 15:01:00,1,"Rel"
"869",1155038,2,2013-04-05 15:01:00,1,"Rel"
"870",1155060,2,2013-04-05 15:01:00,1,"Rel"
"871",1155063,2,2013-04-05 15:01:00,1,"Rel"
"872",1155066,2,2013-04-05 15:01:00,1,"Rel"
"873",1155061,2,2013-04-05 15:01:00,1,"Rel"
"874",1155217,2,2013-04-05 15:01:00,1,"Rel"
"875",1155064,2,2013-04-05 15:01:00,1,"Rel"
"876",1155059,2,2013-04-05 15:01:00,1,"Rel"
"877",1155062,2,2013-04-05 15:01:00,1,"Rel"
"878",1155065,2,2013-04-05 15:01:00,1,"Rel"
"879",1155042,2,2013-04-05 15:01:00,1,"Rel"
"880",1155040,2,2013-04-05 15:01:00,1,"Rel"
"881",1155041,2,2013-04-05 15:01:00,1,"Rel"
"882",1155069,2,2013-04-05 18:59:00,1,"Rel"
"883",1155072,2,2013-04-05 18:59:00,1,"Rel"
"884",1155075,2,2013-04-05 18:59:00,1,"Rel"
"885",1155067,2,2013-04-05 18:59:00,1,"Rel"
"886",1155070,2,2013-04-05 18:59:00,1,"Rel"
"887",1155073,2,2013-04-05 18:59:00,1,"Rel"
"888",1155068,2,2013-04-05 18:59:00,1,"Rel"
"889",1155071,2,2013-04-05 18:59:00,1,"Rel"
"890",1155074,2,2013-04-05 18:59:00,1,"Rel"
"891",1155045,2,2013-04-05 18:59:00,1,"Rel"
"892",1155043,2,2013-04-05 18:59:00,1,"Rel"
"893",1155044,2,2013-04-05 18:59:00,1,"Rel"
"894",1155078,2,2013-04-05 18:59:00,1,"Rel"
"895",1155081,2,2013-04-05 18:59:00,1,"Rel"
"896",1155084,2,2013-04-05 18:59:00,1,"Rel"
"897",1155076,2,2013-04-05 18:59:00,1,"Rel"
"898",1155079,2,2013-04-05 18:59:00,1,"Rel"
"899",1155082,2,2013-04-05 18:59:00,1,"Rel"
"900",1155077,2,2013-04-05 18:59:00,1,"Rel"
"901",1155080,2,2013-04-05 18:59:00,1,"Rel"
"902",1155219,2,2013-04-05 18:59:00,1,"Rel"
"903",1155048,2,2013-04-05 18:59:00,1,"Rel"
"904",1155046,2,2013-04-05 18:59:00,1,"Rel"
"905",1155047,2,2013-04-05 18:59:00,1,"Rel"
"906",1155215,2,2013-04-05 22:59:00,1,"Rel"
"907",1155035,2,2013-04-05 22:59:00,1,"Rel"
"908",1155036,2,2013-04-05 22:59:00,1,"Rel"
"909",1155034,2,2013-04-05 22:59:00,1,"Rel"
"910",1155137,2,2013-04-05 22:59:00,1,"Rel"
"911",1155140,2,2013-04-05 22:59:00,1,"Rel"
"912",1155138,2,2013-04-05 22:59:00,1,"Rel"
"913",1155139,2,2013-04-05 22:59:00,1,"Rel"
"914",1155155,2,2013-04-06 07:05:00,1,"Rel"
"915",1155225,2,2013-04-06 07:05:00,1,"Rel"
"916",1155161,2,2013-04-06 07:05:00,1,"Rel"
"917",1155153,2,2013-04-06 07:05:00,1,"Rel"
"918",1155156,2,2013-04-06 07:05:00,1,"Rel"
"919",1155159,2,2013-04-06 07:05:00,1,"Rel"
"920",1155154,2,2013-04-06 07:05:00,1,"Rel"
"921",1155157,2,2013-04-06 07:05:00,1,"Rel"
"922",1155160,2,2013-04-06 07:05:00,1,"Rel"
"923",1155141,2,2013-04-06 07:05:00,1,"Rel"
"924",1155142,2,2013-04-06 07:05:00,1,"Rel"
"925",1155143,2,2013-04-06 07:05:00,1,"Rel"
"926",1155164,2,2013-04-06 07:05:00,1,"Rel"
"927",1155167,2,2013-04-06 07:05:00,1,"Rel"
"928",1155170,2,2013-04-06 07:05:00,1,"Rel"
"929",1155162,2,2013-04-06 07:05:00,1,"Rel"
"930",1155165,2,2013-04-06 07:05:00,1,"Rel"
"931",1155168,2,2013-04-06 07:05:00,1,"Rel"
"932",1155163,2,2013-04-06 07:05:00,1,"Rel"
"933",1155166,2,2013-04-06 07:05:00,1,"Rel"
"934",1155169,2,2013-04-06 07:05:00,1,"Rel"
"935",1155144,2,2013-04-06 07:05:00,1,"Rel"
"936",1155145,2,2013-04-06 07:05:00,1,"Rel"
"937",1155146,2,2013-04-06 07:05:00,1,"Rel"
"938",1155173,2,2013-04-06 11:06:00,1,"Rel"
"939",1155176,2,2013-04-06 11:06:00,1,"Rel"
"940",1155179,2,2013-04-06 11:06:00,1,"Rel"
"941",1155171,2,2013-04-06 11:06:00,1,"Rel"
"942",1155174,2,2013-04-06 11:06:00,1,"Rel"
"943",1155177,2,2013-04-06 11:06:00,1,"Rel"
"944",1155172,2,2013-04-06 11:06:00,1,"Rel"
"945",1155175,2,2013-04-06 11:06:00,1,"Rel"
"946",1155178,2,2013-04-06 11:06:00,1,"Rel"
"947",1155147,2,2013-04-06 11:06:00,1,"Rel"
"948",1155148,2,2013-04-06 11:06:00,1,"Rel"
"949",1155149,2,2013-04-06 11:06:00,1,"Rel"
"950",1155182,2,2013-04-06 11:06:00,1,"Rel"
"951",1155185,2,2013-04-06 11:06:00,1,"Rel"
"952",1155188,2,2013-04-06 11:06:00,1,"Rel"
"953",1155180,2,2013-04-06 11:06:00,1,"Rel"
"954",1155227,2,2013-04-06 11:06:00,1,"Rel"
"955",1155186,2,2013-04-06 11:06:00,1,"Rel"
"956",1155181,2,2013-04-06 11:06:00,1,"Rel"
"957",1155184,2,2013-04-06 11:06:00,1,"Rel"
"958",1155193,2,2013-04-06 11:06:00,1,"Rel"
"959",1155150,2,2013-04-06 11:06:00,1,"Rel"
"960",1155151,2,2013-04-06 11:06:00,1,"Rel"
"961",1155152,2,2013-04-06 11:06:00,1,"Rel"
"962",1155241,3,2013-05-08 14:58:00,1,"Rel"
"963",1160462,3,2013-05-08 14:58:00,1,"Rel"
"964",1160465,3,2013-05-08 14:58:00,1,"Rel"
"965",1160460,3,2013-05-08 14:58:00,1,"Rel"
"966",1160463,3,2013-05-08 14:58:00,1,"Rel"
"967",1160466,3,2013-05-08 14:58:00,1,"Rel"
"968",1160461,3,2013-05-08 14:58:00,1,"Rel"
"969",1160464,3,2013-05-08 14:58:00,1,"Rel"
"970",1160467,3,2013-05-08 14:58:00,1,"Rel"
"971",1155212,3,2013-05-08 14:58:00,1,"Rel"
"972",1155214,3,2013-05-08 14:58:00,1,"Rel"
"973",1155218,3,2013-05-08 14:58:00,1,"Rel"
"974",1160468,3,2013-05-08 14:58:00,1,"Rel"
"975",1160471,3,2013-05-08 14:58:00,1,"Rel"
"976",1160474,3,2013-05-08 14:58:00,1,"Rel"
"977",1160469,3,2013-05-08 14:58:00,1,"Rel"
"978",1160472,3,2013-05-08 14:58:00,1,"Rel"
"979",1160475,3,2013-05-08 14:58:00,1,"Rel"
"980",1160470,3,2013-05-08 14:58:00,1,"Rel"
"981",1160473,3,2013-05-08 14:58:00,1,"Rel"
"982",1160476,3,2013-05-08 14:58:00,1,"Rel"
"983",1155220,3,2013-05-08 14:58:00,1,"Rel"
"984",1155222,3,2013-05-08 14:58:00,1,"Rel"
"985",1155224,3,2013-05-08 14:58:00,1,"Rel"
"986",1160477,3,2013-05-08 19:00:00,1,"Rel"
"987",1160481,3,2013-05-08 19:00:00,1,"Rel"
"988",1160942,3,2013-05-08 19:00:00,1,"Rel"
"989",1160478,3,2013-05-08 19:00:00,1,"Rel"
"990",1160482,3,2013-05-08 19:00:00,1,"Rel"
"991",1160485,3,2013-05-08 19:00:00,1,"Rel"
"992",1160480,3,2013-05-08 19:00:00,1,"Rel"
"993",1160483,3,2013-05-08 19:00:00,1,"Rel"
"994",1160486,3,2013-05-08 19:00:00,1,"Rel"
"995",1155234,3,2013-05-08 19:00:00,1,"Rel"
"996",1155235,3,2013-05-08 19:00:00,1,"Rel"
"997",1155236,3,2013-05-08 19:00:00,1,"Rel"
"998",1160487,3,2013-05-08 19:01:00,1,"Rel"
"999",1160490,3,2013-05-08 19:01:00,1,"Rel"
"1000",1160493,3,2013-05-08 19:01:00,1,"Rel"
"1001",1160488,3,2013-05-08 19:01:00,1,"Rel"
"1002",1160494,3,2013-05-08 19:01:00,1,"Rel"
"1003",1160945,3,2013-05-08 19:01:00,1,"Rel"
"1004",1160489,3,2013-05-08 19:01:00,1,"Rel"
"1005",1160492,3,2013-05-08 19:01:00,1,"Rel"
"1006",1160495,3,2013-05-08 19:01:00,1,"Rel"
"1007",1155237,3,2013-05-08 19:01:00,1,"Rel"
"1008",1155239,3,2013-05-08 19:01:00,1,"Rel"
"1009",1155240,3,2013-05-08 19:01:00,1,"Rel"
"1010",1155197,3,2013-05-08 19:01:00,1,"Rel"
"1011",1155203,3,2013-05-08 19:01:00,1,"Rel"
"1012",1155199,3,2013-05-08 19:01:00,1,"Rel"
"1013",1155207,3,2013-05-08 19:01:00,1,"Rel"
"1014",1155201,3,2013-05-08 19:01:00,1,"Rel"
"1015",1155210,3,2013-05-08 19:01:00,1,"Rel"
"1016",1160496,3,2013-05-08 19:01:00,1,"Rel"
"1017",1160500,3,2013-05-08 19:01:00,1,"Rel"
"1018",1160951,3,2013-05-08 19:01:00,1,"Rel"
"1019",1160501,3,2013-05-08 19:01:00,1,"Rel"
"1020",1160498,3,2013-05-08 19:01:00,1,"Rel"
"1021",1160502,3,2013-05-08 19:01:00,1,"Rel"
"1022",1160515,3,2013-05-08 22:59:00,1,"Rel"
"1023",1160518,3,2013-05-08 22:59:00,1,"Rel"
"1024",1160948,3,2013-05-08 22:59:00,1,"Rel"
"1025",1160516,3,2013-05-08 22:59:00,1,"Rel"
"1026",1160520,3,2013-05-08 22:59:00,1,"Rel"
"1027",1160523,3,2013-05-08 22:59:00,1,"Rel"
"1028",1160517,3,2013-05-08 22:59:00,1,"Rel"
"1029",1160521,3,2013-05-08 22:59:00,1,"Rel"
"1030",1160524,3,2013-05-08 22:59:00,1,"Rel"
"1031",1160503,3,2013-05-08 22:59:00,1,"Rel"
"1032",1160504,3,2013-05-08 22:59:00,1,"Rel"
"1033",1160505,3,2013-05-08 22:59:00,1,"Rel"
"1034",1160531,3,2013-05-08 22:59:00,1,"Rel"
"1035",1160525,3,2013-05-08 22:59:00,1,"Rel"
"1036",1160528,3,2013-05-08 22:59:00,1,"Rel"
"1037",1160526,3,2013-05-08 22:59:00,1,"Rel"
"1038",1160529,3,2013-05-08 22:59:00,1,"Rel"
"1039",1160532,3,2013-05-08 22:59:00,1,"Rel"
"1040",1160527,3,2013-05-08 22:59:00,1,"Rel"
"1041",1160533,3,2013-05-08 22:59:00,1,"Rel"
"1042",1160954,3,2013-05-08 22:59:00,1,"Rel"
"1043",1160506,3,2013-05-08 22:59:00,1,"Rel"
"1044",1160507,3,2013-05-08 22:59:00,1,"Rel"
"1045",1160508,3,2013-05-08 22:59:00,1,"Rel"
"1046",1160550,3,2013-05-09 03:02:00,1,"Rel"
"1047",1160534,3,2013-05-09 03:02:00,1,"Rel"
"1048",1160537,3,2013-05-09 03:02:00,1,"Rel"
"1049",1160535,3,2013-05-09 03:02:00,1,"Rel"
"1050",1160538,3,2013-05-09 03:02:00,1,"Rel"
"1051",1160542,3,2013-05-09 03:02:00,1,"Rel"
"1052",1160536,3,2013-05-09 03:02:00,1,"Rel"
"1053",1160540,3,2013-05-09 03:02:00,1,"Rel"
"1054",1160543,3,2013-05-09 03:02:00,1,"Rel"
"1055",1160509,3,2013-05-09 03:02:00,1,"Rel"
"1056",1160510,3,2013-05-09 03:02:00,1,"Rel"
"1057",1160511,3,2013-05-09 03:02:00,1,"Rel"
"1058",1160541,3,2013-05-09 03:02:00,1,"Rel"
"1059",1160544,3,2013-05-09 03:02:00,1,"Rel"
"1060",1160547,3,2013-05-09 03:02:00,1,"Rel"
"1061",1160545,3,2013-05-09 03:02:00,1,"Rel"
"1062",1160548,3,2013-05-09 03:02:00,1,"Rel"
"1063",1160551,3,2013-05-09 03:02:00,1,"Rel"
"1064",1160549,3,2013-05-09 03:02:00,1,"Rel"
"1065",1160552,3,2013-05-09 03:02:00,1,"Rel"
"1066",1160940,3,2013-05-09 03:02:00,1,"Rel"
"1067",1160512,3,2013-05-09 03:02:00,1,"Rel"
"1068",1160513,3,2013-05-09 03:02:00,1,"Rel"
"1069",1160514,3,2013-05-09 03:02:00,1,"Rel"
"1070",1160572,3,2013-05-09 07:00:00,1,"Rel"
"1071",1160575,3,2013-05-09 07:00:00,1,"Rel"
"1072",1160578,3,2013-05-09 07:00:00,1,"Rel"
"1073",1160573,3,2013-05-09 07:00:00,1,"Rel"
"1074",1160576,3,2013-05-09 07:00:00,1,"Rel"
"1075",1160580,3,2013-05-09 07:00:00,1,"Rel"
"1076",1160574,3,2013-05-09 07:00:00,1,"Rel"
"1077",1160577,3,2013-05-09 07:00:00,1,"Rel"
"1078",1160581,3,2013-05-09 07:00:00,1,"Rel"
"1079",1160560,3,2013-05-09 07:00:00,1,"Rel"
"1080",1160561,3,2013-05-09 07:00:00,1,"Rel"
"1081",1160562,3,2013-05-09 07:00:00,1,"Rel"
"1082",1160582,3,2013-05-09 07:00:00,1,"Rel"
"1083",1160585,3,2013-05-09 07:00:00,1,"Rel"
"1084",1160588,3,2013-05-09 07:00:00,1,"Rel"
"1085",1160583,3,2013-05-09 07:00:00,1,"Rel"
"1086",1160586,3,2013-05-09 07:00:00,1,"Rel"
"1087",1160589,3,2013-05-09 07:00:00,1,"Rel"
"1088",1160584,3,2013-05-09 07:00:00,1,"Rel"
"1089",1160587,3,2013-05-09 07:00:00,1,"Rel"
"1090",1160590,3,2013-05-09 07:00:00,1,"Rel"
"1091",1160563,3,2013-05-09 07:00:00,1,"Rel"
"1092",1160564,3,2013-05-09 07:00:00,1,"Rel"
"1093",1160565,3,2013-05-09 07:00:00,1,"Rel"
"1094",1160591,3,2013-05-09 07:00:00,1,"Rel"
"1095",1160594,3,2013-05-09 07:00:00,1,"Rel"
"1096",1160597,3,2013-05-09 07:00:00,1,"Rel"
"1097",1160592,3,2013-05-09 07:00:00,1,"Rel"
"1098",1160595,3,2013-05-09 07:00:00,1,"Rel"
"1099",1160598,3,2013-05-09 07:00:00,1,"Rel"
"1100",1160593,3,2013-05-09 07:00:00,1,"Rel"
"1101",1160596,3,2013-05-09 07:00:00,1,"Rel"
"1102",1160600,3,2013-05-09 07:00:00,1,"Rel"
"1103",1160566,3,2013-05-09 07:00:00,1,"Rel"
"1104",1160567,3,2013-05-09 07:00:00,1,"Rel"
"1105",1160568,3,2013-05-09 07:00:00,1,"Rel"
"1106",1160601,3,2013-05-09 11:08:00,1,"Rel"
"1107",1160604,3,2013-05-09 11:08:00,1,"Rel"
"1108",1160607,3,2013-05-09 11:08:00,1,"Rel"
"1109",1160602,3,2013-05-09 11:08:00,1,"Rel"
"1110",1160605,3,2013-05-09 11:08:00,1,"Rel"
"1111",1160608,3,2013-05-09 11:08:00,1,"Rel"
"1112",1160603,3,2013-05-09 11:08:00,1,"Rel"
"1113",1160606,3,2013-05-09 11:08:00,1,"Rel"
"1114",1160609,3,2013-05-09 11:08:00,1,"Rel"
"1115",1160569,3,2013-05-09 11:08:00,1,"Rel"
"1116",1160570,3,2013-05-09 11:08:00,1,"Rel"
"1117",1160571,3,2013-05-09 11:08:00,1,"Rel"
"1118",1160553,3,2013-05-09 11:08:00,1,"Rel"
"1119",1160556,3,2013-05-09 11:08:00,1,"Rel"
"1120",1160554,3,2013-05-09 11:08:00,1,"Rel"
"1121",1160557,3,2013-05-09 11:08:00,1,"Rel"
"1122",1160555,3,2013-05-09 11:08:00,1,"Rel"
"1123",1160558,3,2013-05-09 11:08:00,1,"Rel"
"1124",1160629,3,2013-05-09 15:07:00,1,"Rel"
"1125",1160632,3,NA,1,"Rel"
"1126",1160635,3,2013-05-09 15:07:00,1,"Rel"
"1127",1160630,3,2013-05-09 15:07:00,1,"Rel"
"1128",1160633,3,2013-05-09 15:07:00,1,"Rel"
"1129",1160636,3,2013-05-09 15:07:00,1,"Rel"
"1130",1160631,3,2013-05-09 15:07:00,1,"Rel"
"1131",1160634,3,2013-05-09 15:07:00,1,"Rel"
"1132",1160637,3,2013-05-09 15:07:00,1,"Rel"
"1133",1160664,3,2013-05-09 15:07:00,1,"Rel"
"1134",1160617,3,2013-05-09 15:07:00,1,"Rel"
"1135",1160618,3,2013-05-09 15:07:00,1,"Rel"
"1136",1160638,3,2013-05-09 15:07:00,1,"Rel"
"1137",1160642,3,2013-05-09 15:07:00,1,"Rel"
"1138",1160645,3,2013-05-09 15:07:00,1,"Rel"
"1139",1160640,3,2013-05-09 15:07:00,1,"Rel"
"1140",1160643,3,2013-05-09 15:07:00,1,"Rel"
"1141",1160646,3,2013-05-09 15:07:00,1,"Rel"
"1142",1160641,3,2013-05-09 15:07:00,1,"Rel"
"1143",1160644,3,2013-05-09 15:07:00,1,"Rel"
"1144",1160647,3,2013-05-09 15:07:00,1,"Rel"
"1145",1160620,3,2013-05-09 15:07:00,1,"Rel"
"1146",1160621,3,2013-05-09 15:07:00,1,"Rel"
"1147",1160622,3,2013-05-09 15:07:00,1,"Rel"
"1148",1160648,3,2013-05-09 18:56:00,1,"Rel"
"1149",1160651,3,2013-05-09 18:56:00,1,"Rel"
"1150",1160654,3,2013-05-09 18:56:00,1,"Rel"
"1151",1160649,3,2013-05-09 18:56:00,1,"Rel"
"1152",1160652,3,2013-05-09 18:56:00,1,"Rel"
"1153",1160655,3,2013-05-09 18:56:00,1,"Rel"
"1154",1160650,3,2013-05-09 18:56:00,1,"Rel"
"1155",1160653,3,2013-05-09 18:56:00,1,"Rel"
"1156",1160656,3,2013-05-09 18:56:00,1,"Rel"
"1157",1160661,3,2013-05-09 18:56:00,1,"Rel"
"1158",1160624,3,2013-05-09 18:56:00,1,"Rel"
"1159",1160625,3,2013-05-09 18:56:00,1,"Rel"
"1160",1160616,3,2013-05-09 18:56:00,1,"Rel"
"1161",1160623,3,2013-05-09 18:56:00,1,"Rel"
"1162",1160657,3,2013-05-09 18:56:00,1,"Rel"
"1163",1160658,3,2013-05-09 18:56:00,1,"Rel"
"1164",1160662,3,2013-05-09 18:56:00,1,"Rel"
"1165",1160665,3,2013-05-09 18:56:00,1,"Rel"
"1166",1160660,3,2013-05-09 18:56:00,1,"Rel"
"1167",1160663,3,2013-05-09 18:56:00,1,"Rel"
"1168",1160666,3,2013-05-09 18:56:00,1,"Rel"
"1169",1160626,3,2013-05-09 18:56:00,1,"Rel"
"1170",1160627,3,2013-05-09 18:56:00,1,"Rel"
"1171",1160628,3,2013-05-09 18:56:00,1,"Rel"
"1172",1160610,3,2013-05-09 22:58:00,1,"Rel"
"1173",1160613,3,2013-05-09 22:58:00,1,"Rel"
"1174",1160611,3,2013-05-09 22:58:00,1,"Rel"
"1175",1160614,3,2013-05-09 22:58:00,1,"Rel"
"1176",1160612,3,2013-05-09 22:58:00,1,"Rel"
"1177",1160615,3,2013-05-09 22:58:00,1,"Rel"
"1178",1160668,3,2013-05-09 22:58:00,1,"Rel"
"1179",1160667,3,2013-05-09 22:58:00,1,"Rel"
"1180",1160669,3,2013-05-09 22:58:00,1,"Rel"
"1181",1160670,3,2013-05-09 22:58:00,1,"Rel"
"1182",1160671,3,2013-05-09 22:58:00,1,"Rel"
"1183",1160672,3,2013-05-09 22:58:00,1,"Rel"
"1184",1160686,3,2013-05-09 22:58:00,1,"Rel"
"1185",1160689,3,2013-05-09 22:58:00,1,"Rel"
"1186",1160692,3,2013-05-09 22:58:00,1,"Rel"
"1187",1160687,3,2013-05-09 22:58:00,1,"Rel"
"1188",1160690,3,2013-05-09 22:58:00,1,"Rel"
"1189",1160693,3,2013-05-09 22:58:00,1,"Rel"
"1190",1160688,3,2013-05-09 22:58:00,1,"Rel"
"1191",1160691,3,2013-05-09 22:58:00,1,"Rel"
"1192",1160694,3,2013-05-09 22:58:00,1,"Rel"
"1193",1160673,3,2013-05-09 22:58:00,1,"Rel"
"1194",1160674,3,2013-05-09 22:58:00,1,"Rel"
"1195",1160675,3,2013-05-09 22:58:00,1,"Rel"
"1196",1160695,3,2013-05-09 22:58:00,1,"Rel"
"1197",1160698,3,2013-05-09 22:58:00,1,"Rel"
"1198",1160702,3,2013-05-09 22:58:00,1,"Rel"
"1199",1160696,3,2013-05-09 22:58:00,1,"Rel"
"1200",1160700,3,2013-05-09 22:58:00,1,"Rel"
"1201",1160703,3,2013-05-09 22:58:00,1,"Rel"
"1202",1160697,3,2013-05-09 22:58:00,1,"Rel"
"1203",1160701,3,2013-05-09 22:58:00,1,"Rel"
"1204",1160704,3,2013-05-09 22:58:00,1,"Rel"
"1205",1160677,3,2013-05-09 22:58:00,1,"Rel"
"1206",1160676,3,2013-05-09 22:58:00,1,"Rel"
"1207",1160678,3,2013-05-09 22:58:00,1,"Rel"
"1208",1160705,3,2013-05-10 02:58:00,1,"Rel"
"1209",1160708,3,2013-05-10 02:58:00,1,"Rel"
"1210",1160711,3,2013-05-10 02:58:00,1,"Rel"
"1211",1160706,3,2013-05-10 02:58:00,1,"Rel"
"1212",1160709,3,2013-05-10 02:58:00,1,"Rel"
"1213",1160712,3,2013-05-10 02:58:00,1,"Rel"
"1214",1160707,3,2013-05-10 02:58:00,1,"Rel"
"1215",1160710,3,2013-05-10 02:58:00,1,"Rel"
"1216",1160713,3,2013-05-10 02:58:00,1,"Rel"
"1217",1160680,3,2013-05-10 02:58:00,1,"Rel"
"1218",1160681,3,2013-05-10 02:58:00,1,"Rel"
"1219",1160682,3,2013-05-10 02:58:00,1,"Rel"
"1220",1160714,3,2013-05-10 02:58:00,1,"Rel"
"1221",1160717,3,2013-05-10 02:58:00,1,"Rel"
"1222",1160721,3,2013-05-10 02:58:00,1,"Rel"
"1223",1160715,3,2013-05-10 02:58:00,1,"Rel"
"1224",1160718,3,2013-05-10 02:58:00,1,"Rel"
"1225",1160722,3,2013-05-10 02:58:00,1,"Rel"
"1226",1160716,3,2013-05-10 02:58:00,1,"Rel"
"1227",1160720,3,2013-05-10 02:58:00,1,"Rel"
"1228",1160723,3,2013-05-10 02:58:00,1,"Rel"
"1229",1160683,3,2013-05-10 02:58:00,1,"Rel"
"1230",1160684,3,2013-05-10 02:58:00,1,"Rel"
"1231",1160685,3,2013-05-10 02:58:00,1,"Rel"
"1232",1160746,3,2013-05-10 07:05:00,1,"Rel"
"1233",1160749,3,2013-05-10 07:05:00,1,"Rel"
"1234",1160752,3,2013-05-10 07:05:00,1,"Rel"
"1235",1160744,3,2013-05-10 07:05:00,1,"Rel"
"1236",1160747,3,2013-05-10 07:05:00,1,"Rel"
"1237",1160750,3,2013-05-10 07:05:00,1,"Rel"
"1238",1160745,3,2013-05-10 07:05:00,1,"Rel"
"1239",1160748,3,2013-05-10 07:05:00,1,"Rel"
"1240",1160751,3,2013-05-10 07:05:00,1,"Rel"
"1241",1160733,3,2013-05-10 07:05:00,1,"Rel"
"1242",1160731,3,2013-05-10 07:05:00,1,"Rel"
"1243",1160732,3,2013-05-10 07:05:00,1,"Rel"
"1244",1160755,3,2013-05-10 07:05:00,1,"Rel"
"1245",1160758,3,2013-05-10 07:05:00,1,"Rel"
"1246",1160781,3,2013-05-10 07:05:00,1,"Rel"
"1247",1160943,3,2013-05-10 07:05:00,1,"Rel"
"1248",1160756,3,2013-05-10 07:05:00,1,"Rel"
"1249",1160760,3,2013-05-10 07:05:00,1,"Rel"
"1250",1160754,3,2013-05-10 07:05:00,1,"Rel"
"1251",1160757,3,2013-05-10 07:05:00,1,"Rel"
"1252",1160761,3,2013-05-10 07:05:00,1,"Rel"
"1253",1160736,3,2013-05-10 07:05:00,1,"Rel"
"1254",1160734,3,2013-05-10 07:05:00,1,"Rel"
"1255",1160735,3,2013-05-10 07:05:00,1,"Rel"
"1256",1160763,3,2013-05-10 07:05:00,1,"Rel"
"1257",1160766,3,2013-05-10 07:05:00,1,"Rel"
"1258",1160769,3,2013-05-10 07:05:00,1,"Rel"
"1259",1160764,3,2013-05-10 07:05:00,1,"Rel"
"1260",1160767,3,2013-05-10 07:05:00,1,"Rel"
"1261",1160770,3,2013-05-10 07:05:00,1,"Rel"
"1262",1160740,3,2013-05-10 07:05:00,1,"Rel"
"1263",1160737,3,2013-05-10 07:05:00,1,"Rel"
"1264",1160738,3,2013-05-10 07:05:00,1,"Rel"
"1265",1160765,3,2013-05-10 07:05:00,1,"Rel"
"1266",1160768,3,2013-05-10 07:05:00,1,"Rel"
"1267",1160771,3,2013-05-10 07:05:00,1,"Rel"
"1268",1160774,3,2013-05-10 10:59:00,1,"Rel"
"1269",1160777,3,2013-05-10 10:59:00,1,"Rel"
"1270",1160772,3,2013-05-10 10:59:00,1,"Rel"
"1271",1160775,3,2013-05-10 10:59:00,1,"Rel"
"1272",1160778,3,2013-05-10 10:59:00,1,"Rel"
"1273",1160773,3,2013-05-10 10:59:00,1,"Rel"
"1274",1160776,3,2013-05-10 10:59:00,1,"Rel"
"1275",1160780,3,2013-05-10 10:59:00,1,"Rel"
"1276",1160743,3,2013-05-10 10:59:00,1,"Rel"
"1277",1160741,3,2013-05-10 10:59:00,1,"Rel"
"1278",1160727,3,2013-05-10 10:59:00,1,"Rel"
"1279",1160730,3,2013-05-10 10:59:00,1,"Rel"
"1280",1160725,3,2013-05-10 10:59:00,1,"Rel"
"1281",1160728,3,2013-05-10 10:59:00,1,"Rel"
"1282",1160726,3,2013-05-10 10:59:00,1,"Rel"
"1283",1160729,3,2013-05-10 10:59:00,1,"Rel"
"1284",1160762,NA,NA,1,"Rel"
"1285",1160742,NA,NA,1,"Rel"
"1286",1160803,3,2013-05-10 14:58:00,1,"Rel"
"1287",1160806,3,2013-05-10 14:58:00,1,"Rel"
"1288",1160809,3,2013-05-10 14:58:00,1,"Rel"
"1289",1160797,3,2013-05-10 14:58:00,1,"Rel"
"1290",1160801,3,2013-05-10 14:58:00,1,"Rel"
"1291",1160804,3,2013-05-10 14:58:00,1,"Rel"
"1292",1160798,3,2013-05-10 14:58:00,1,"Rel"
"1293",1160802,3,2013-05-10 14:58:00,1,"Rel"
"1294",1160805,3,2013-05-10 14:58:00,1,"Rel"
"1295",1160790,3,2013-05-10 14:58:00,1,"Rel"
"1296",1160785,3,2013-05-10 14:58:00,1,"Rel"
"1297",1160786,3,2013-05-10 14:58:00,1,"Rel"
"1298",1160812,3,2013-05-10 14:58:00,1,"Rel"
"1299",1160815,3,2013-05-10 14:58:00,1,"Rel"
"1300",1160818,3,2013-05-10 14:58:00,1,"Rel"
"1301",1160807,3,2013-05-10 14:58:00,1,"Rel"
"1302",1160810,3,2013-05-10 14:58:00,1,"Rel"
"1303",1160813,3,2013-05-10 14:58:00,1,"Rel"
"1304",1160808,3,2013-05-10 14:58:00,1,"Rel"
"1305",1160811,3,2013-05-10 14:58:00,1,"Rel"
"1306",1160814,3,2013-05-10 14:58:00,1,"Rel"
"1307",1160793,3,2013-05-10 14:58:00,1,"Rel"
"1308",1160788,3,2013-05-10 14:58:00,1,"Rel"
"1309",1160789,3,2013-05-10 14:58:00,1,"Rel"
"1310",1160825,3,2013-05-10 19:00:00,1,"Rel"
"1311",1160946,3,2013-05-10 19:00:00,1,"Rel"
"1312",1160828,3,2013-05-10 19:00:00,1,"Rel"
"1313",1160816,3,2013-05-10 19:00:00,1,"Rel"
"1314",1160820,3,2013-05-10 19:00:00,1,"Rel"
"1315",1160823,3,2013-05-10 19:00:00,1,"Rel"
"1316",1160817,3,2013-05-10 19:00:00,1,"Rel"
"1317",1160821,3,2013-05-10 19:00:00,1,"Rel"
"1318",1160824,3,2013-05-10 19:00:00,1,"Rel"
"1319",1160796,3,2013-05-10 19:00:00,1,"Rel"
"1320",1160791,3,2013-05-10 19:00:00,1,"Rel"
"1321",1160792,3,2013-05-10 19:00:00,1,"Rel"
"1322",1160831,3,2013-05-10 19:00:00,1,"Rel"
"1323",1160834,3,2013-05-10 19:00:00,1,"Rel"
"1324",1160837,3,2013-05-10 19:00:00,1,"Rel"
"1325",1160826,3,2013-05-10 19:00:00,1,"Rel"
"1326",1160782,3,2013-05-10 19:00:00,1,"Rel"
"1327",1160829,3,2013-05-10 19:00:00,1,"Rel"
"1328",1160827,3,2013-05-10 19:00:00,1,"Rel"
"1329",1160830,3,2013-05-10 19:00:00,1,"Rel"
"1330",1160833,3,2013-05-10 19:00:00,1,"Rel"
"1331",1160800,3,2013-05-10 19:00:00,1,"Rel"
"1332",1160794,3,2013-05-10 19:00:00,1,"Rel"
"1333",1160795,3,2013-05-10 19:00:00,1,"Rel"
"1334",1160784,3,2013-05-10 22:58:00,1,"Rel"
"1335",1160783,3,2013-05-10 22:58:00,1,"Rel"
"1336",1160787,3,2013-05-10 22:58:00,1,"Rel"
"1337",1160832,3,2013-05-10 22:58:00,1,"Rel"
"1338",1160841,3,2013-05-10 22:58:00,1,"Rel"
"1339",1160835,3,2013-05-10 22:58:00,1,"Rel"
"1340",1160838,3,2013-05-10 22:58:00,1,"Rel"
"1341",1160836,3,2013-05-10 22:58:00,1,"Rel"
"1342",1160852,3,2013-05-10 22:58:00,1,"Rel"
"1343",1160855,3,2013-05-10 22:58:00,1,"Rel"
"1344",1160858,3,2013-05-10 22:58:00,1,"Rel"
"1345",1160856,3,2013-05-10 22:58:00,1,"Rel"
"1346",1160860,3,2013-05-10 22:58:00,1,"Rel"
"1347",1160863,3,2013-05-10 22:58:00,1,"Rel"
"1348",1160854,3,2013-05-10 22:58:00,1,"Rel"
"1349",1160857,3,2013-05-10 22:58:00,1,"Rel"
"1350",1160861,3,2013-05-10 22:58:00,1,"Rel"
"1351",1160844,3,2013-05-10 22:58:00,1,"Rel"
"1352",1160842,3,2013-05-10 22:58:00,1,"Rel"
"1353",1160840,3,2013-05-10 22:58:00,1,"Rel"
"1354",1160862,3,2013-05-10 22:57:00,1,"Rel"
"1355",1160865,3,2013-05-10 22:57:00,1,"Rel"
"1356",1160868,3,2013-05-10 22:57:00,1,"Rel"
"1357",1160866,3,2013-05-10 22:57:00,1,"Rel"
"1358",1160869,3,2013-05-10 22:57:00,1,"Rel"
"1359",1160872,3,2013-05-10 22:57:00,1,"Rel"
"1360",1160864,3,2013-05-10 22:57:00,1,"Rel"
"1361",1160870,3,2013-05-10 22:57:00,1,"Rel"
"1362",1160843,3,2013-05-10 22:57:00,1,"Rel"
"1363",1160871,3,2013-05-11 03:09:00,1,"Rel"
"1364",1160972,3,2013-05-11 03:09:00,1,"Rel"
"1365",1160877,3,2013-05-11 03:09:00,1,"Rel"
"1366",1160875,3,2013-05-11 03:09:00,1,"Rel"
"1367",1160878,3,2013-05-11 03:09:00,1,"Rel"
"1368",1160882,3,2013-05-11 03:09:00,1,"Rel"
"1369",1160873,3,2013-05-11 03:09:00,1,"Rel"
"1370",1160876,3,2013-05-11 03:09:00,1,"Rel"
"1371",1160880,3,2013-05-11 03:09:00,1,"Rel"
"1372",1160850,3,2013-05-11 03:09:00,1,"Rel"
"1373",1160848,3,2013-05-11 03:09:00,1,"Rel"
"1374",1160846,3,2013-05-11 03:09:00,1,"Rel"
"1375",1160881,3,2013-05-11 03:09:00,1,"Rel"
"1376",1160884,3,2013-05-11 03:09:00,1,"Rel"
"1377",1160885,3,2013-05-11 03:09:00,1,"Rel"
"1378",1160888,3,2013-05-11 03:09:00,1,"Rel"
"1379",1160883,3,2013-05-11 03:09:00,1,"Rel"
"1380",1160886,3,2013-05-11 03:09:00,1,"Rel"
"1381",1160889,3,2013-05-11 03:09:00,1,"Rel"
"1382",1160853,3,2013-05-11 03:09:00,1,"Rel"
"1383",1160851,3,2013-05-11 03:09:00,1,"Rel"
"1384",1160849,3,2013-05-11 03:09:00,1,"Rel"
"1385",1160867,NA,NA,1,"Rel"
"1386",1160847,NA,NA,1,"Rel"
"1387",1160845,NA,NA,1,"Rel"
"1388",1160887,NA,NA,1,"Rel"
"1389",1160891,NA,NA,1,"Rel"
"1390",1160890,3,2013-05-10 22:58:00,1,"Rel"
"1391",1160893,3,2013-05-10 22:58:00,1,"Rel"
"1392",1160894,3,2013-05-10 22:58:00,1,"Rel"
"1393",1160892,3,2013-05-10 22:58:00,1,"Rel"
"1394",1160909,3,2013-05-11 06:59:00,1,"Rel"
"1395",1160912,3,2013-05-11 06:59:00,1,"Rel"
"1396",1160915,3,2013-05-11 06:59:00,1,"Rel"
"1397",1160910,3,2013-05-11 06:59:00,1,"Rel"
"1398",1160913,3,2013-05-11 06:59:00,1,"Rel"
"1399",1160916,3,2013-05-11 06:59:00,1,"Rel"
"1400",1160908,3,2013-05-11 06:59:00,1,"Rel"
"1401",1160911,3,2013-05-11 06:59:00,1,"Rel"
"1402",1160914,3,2013-05-11 06:59:00,1,"Rel"
"1403",1160897,3,2013-05-11 06:59:00,1,"Rel"
"1404",1160895,3,2013-05-11 06:59:00,1,"Rel"
"1405",1160896,3,2013-05-11 06:59:00,1,"Rel"
"1406",1160918,3,2013-05-11 06:59:00,1,"Rel"
"1407",1160922,3,2013-05-11 06:59:00,1,"Rel"
"1408",1160925,3,2013-05-11 06:59:00,1,"Rel"
"1409",1160920,3,2013-05-11 06:59:00,1,"Rel"
"1410",1160923,3,2013-05-11 06:59:00,1,"Rel"
"1411",1160926,3,2013-05-11 06:59:00,1,"Rel"
"1412",1160917,3,2013-05-11 06:59:00,1,"Rel"
"1413",1160921,3,2013-05-11 06:59:00,1,"Rel"
"1414",1160924,3,2013-05-11 06:59:00,1,"Rel"
"1415",1160901,3,2013-05-11 06:59:00,1,"Rel"
"1416",1160898,3,2013-05-11 06:59:00,1,"Rel"
"1417",1160900,3,2013-05-11 06:59:00,1,"Rel"
"1418",1160928,3,2013-05-11 11:03:00,1,"Rel"
"1419",1160931,3,2013-05-11 11:03:00,1,"Rel"
"1420",1160934,3,2013-05-11 11:03:00,1,"Rel"
"1421",1160929,3,2013-05-11 11:03:00,1,"Rel"
"1422",1160932,3,2013-05-11 11:03:00,1,"Rel"
"1423",1160935,3,2013-05-11 11:03:00,1,"Rel"
"1424",1160927,3,2013-05-11 11:03:00,1,"Rel"
"1425",1160930,3,2013-05-11 11:03:00,1,"Rel"
"1426",1160975,3,2013-05-11 11:03:00,1,"Rel"
"1427",1160904,3,2013-05-11 11:03:00,1,"Rel"
"1428",1160902,3,2013-05-11 11:03:00,1,"Rel"
"1429",1160903,3,2013-05-11 11:03:00,1,"Rel"
"1430",1160937,3,2013-05-11 11:03:00,1,"Rel"
"1431",1154871,3,2013-05-11 11:03:00,1,"Rel"
"1432",1155021,3,2013-05-11 11:03:00,1,"Rel"
"1433",1154816,3,2013-05-11 11:03:00,1,"Rel"
"1434",1160938,3,2013-05-11 11:03:00,1,"Rel"
"1435",1154898,3,2013-05-11 11:03:00,1,"Rel"
"1436",1154813,3,2013-05-11 11:03:00,1,"Rel"
"1437",1160936,3,2013-05-11 11:03:00,1,"Rel"
"1438",1154955,3,2013-05-11 11:03:00,1,"Rel"
"1439",1160907,3,2013-05-11 11:03:00,1,"Rel"
"1440",1160905,3,2013-05-11 11:03:00,1,"Rel"
"1441",1160906,3,2013-05-11 11:03:00,1,"Rel"
